id,date,confirmed,deaths,confirmed_diff,confirmed_diff_pct,deaths_diff,deaths_diff_pct
AL,2020-01-22,0,0,0,,0,
AL,2020-01-23,0,0,0,,0,
AL,2020-01-24,0,0,0,,0,
AL,2020-01-25,0,0,0,,0,
AL,2020-01-26,0,0,0,,0,
AL,2020-01-27,0,0,0,,0,
AL,2020-01-28,0,0,0,,0,
AL,2020-01-29,0,0,0,,0,
AL,2020-01-30,0,0,0,,0,
AL,2020-01-31,0,0,0,,0,
AL,2020-02-01,0,0,0,,0,
AL,2020-02-02,0,0,0,,0,
AL,2020-02-03,0,0,0,,0,
AL,2020-02-04,0,0,0,,0,
AL,2020-02-05,0,0,0,,0,
AL,2020-02-06,0,0,0,,0,
AL,2020-02-07,0,0,0,,0,
AL,2020-02-08,0,0,0,,0,
AL,2020-02-09,0,0,0,,0,
AL,2020-02-10,0,0,0,,0,
AL,2020-02-11,0,0,0,,0,
AL,2020-02-12,0,0,0,,0,
AL,2020-02-13,0,0,0,,0,
AL,2020-02-14,0,0,0,,0,
AL,2020-02-15,0,0,0,,0,
AL,2020-02-16,0,0,0,,0,
AL,2020-02-17,0,0,0,,0,
AL,2020-02-18,0,0,0,,0,
AL,2020-02-19,0,0,0,,0,
AL,2020-02-20,0,0,0,,0,
AL,2020-02-21,0,0,0,,0,
AL,2020-02-22,0,0,0,,0,
AL,2020-02-23,0,0,0,,0,
AL,2020-02-24,0,0,0,,0,
AL,2020-02-25,0,0,0,,0,
AL,2020-02-26,0,0,0,,0,
AL,2020-02-27,0,0,0,,0,
AL,2020-02-28,0,0,0,,0,
AL,2020-02-29,0,0,0,,0,
AL,2020-03-01,0,0,0,,0,
AL,2020-03-02,0,0,0,,0,
AL,2020-03-03,0,0,0,,0,
AL,2020-03-04,0,0,0,,0,
AL,2020-03-05,0,0,0,,0,
AL,2020-03-06,0,0,0,,0,
AL,2020-03-07,0,0,0,,0,
AL,2020-03-08,0,0,0,,0,
AL,2020-03-09,0,0,0,,0,
AL,2020-03-10,0,0,0,,0,
AL,2020-03-11,0,0,0,,0,
AL,2020-03-12,0,0,0,,0,
AL,2020-03-13,5,0,5,,0,
AL,2020-03-14,6,0,1,20.0,0,
AL,2020-03-15,12,0,6,100.0,0,
AL,2020-03-16,29,0,17,141.7,0,
AL,2020-03-17,39,0,10,34.5,0,
AL,2020-03-18,46,0,7,17.9,0,
AL,2020-03-19,78,0,32,69.6,0,
AL,2020-03-20,83,0,5,6.4,0,
AL,2020-03-21,131,0,48,57.8,0,
AL,2020-03-22,138,0,7,5.3,0,
AK,2020-01-22,0,0,0,,0,
AK,2020-01-23,0,0,0,,0,
AK,2020-01-24,0,0,0,,0,
AK,2020-01-25,0,0,0,,0,
AK,2020-01-26,0,0,0,,0,
AK,2020-01-27,0,0,0,,0,
AK,2020-01-28,0,0,0,,0,
AK,2020-01-29,0,0,0,,0,
AK,2020-01-30,0,0,0,,0,
AK,2020-01-31,0,0,0,,0,
AK,2020-02-01,0,0,0,,0,
AK,2020-02-02,0,0,0,,0,
AK,2020-02-03,0,0,0,,0,
AK,2020-02-04,0,0,0,,0,
AK,2020-02-05,0,0,0,,0,
AK,2020-02-06,0,0,0,,0,
AK,2020-02-07,0,0,0,,0,
AK,2020-02-08,0,0,0,,0,
AK,2020-02-09,0,0,0,,0,
AK,2020-02-10,0,0,0,,0,
AK,2020-02-11,0,0,0,,0,
AK,2020-02-12,0,0,0,,0,
AK,2020-02-13,0,0,0,,0,
AK,2020-02-14,0,0,0,,0,
AK,2020-02-15,0,0,0,,0,
AK,2020-02-16,0,0,0,,0,
AK,2020-02-17,0,0,0,,0,
AK,2020-02-18,0,0,0,,0,
AK,2020-02-19,0,0,0,,0,
AK,2020-02-20,0,0,0,,0,
AK,2020-02-21,0,0,0,,0,
AK,2020-02-22,0,0,0,,0,
AK,2020-02-23,0,0,0,,0,
AK,2020-02-24,0,0,0,,0,
AK,2020-02-25,0,0,0,,0,
AK,2020-02-26,0,0,0,,0,
AK,2020-02-27,0,0,0,,0,
AK,2020-02-28,0,0,0,,0,
AK,2020-02-29,0,0,0,,0,
AK,2020-03-01,0,0,0,,0,
AK,2020-03-02,0,0,0,,0,
AK,2020-03-03,0,0,0,,0,
AK,2020-03-04,0,0,0,,0,
AK,2020-03-05,0,0,0,,0,
AK,2020-03-06,0,0,0,,0,
AK,2020-03-07,0,0,0,,0,
AK,2020-03-08,0,0,0,,0,
AK,2020-03-09,0,0,0,,0,
AK,2020-03-10,0,0,0,,0,
AK,2020-03-11,0,0,0,,0,
AK,2020-03-12,0,0,0,,0,
AK,2020-03-13,1,0,1,,0,
AK,2020-03-14,1,0,0,0.0,0,
AK,2020-03-15,1,0,0,0.0,0,
AK,2020-03-16,1,0,0,0.0,0,
AK,2020-03-17,3,0,2,200.0,0,
AK,2020-03-18,6,0,3,100.0,0,
AK,2020-03-19,9,0,3,50.0,0,
AK,2020-03-20,12,0,3,33.3,0,
AK,2020-03-21,15,0,3,25.0,0,
AK,2020-03-22,21,0,6,40.0,0,
AZ,2020-01-22,0,0,0,,0,
AZ,2020-01-23,0,0,0,,0,
AZ,2020-01-24,0,0,0,,0,
AZ,2020-01-25,0,0,0,,0,
AZ,2020-01-26,1,0,1,,0,
AZ,2020-01-27,1,0,0,0.0,0,
AZ,2020-01-28,1,0,0,0.0,0,
AZ,2020-01-29,1,0,0,0.0,0,
AZ,2020-01-30,1,0,0,0.0,0,
AZ,2020-01-31,1,0,0,0.0,0,
AZ,2020-02-01,1,0,0,0.0,0,
AZ,2020-02-02,1,0,0,0.0,0,
AZ,2020-02-03,1,0,0,0.0,0,
AZ,2020-02-04,1,0,0,0.0,0,
AZ,2020-02-05,1,0,0,0.0,0,
AZ,2020-02-06,1,0,0,0.0,0,
AZ,2020-02-07,1,0,0,0.0,0,
AZ,2020-02-08,1,0,0,0.0,0,
AZ,2020-02-09,1,0,0,0.0,0,
AZ,2020-02-10,1,0,0,0.0,0,
AZ,2020-02-11,1,0,0,0.0,0,
AZ,2020-02-12,1,0,0,0.0,0,
AZ,2020-02-13,1,0,0,0.0,0,
AZ,2020-02-14,1,0,0,0.0,0,
AZ,2020-02-15,1,0,0,0.0,0,
AZ,2020-02-16,1,0,0,0.0,0,
AZ,2020-02-17,1,0,0,0.0,0,
AZ,2020-02-18,1,0,0,0.0,0,
AZ,2020-02-19,1,0,0,0.0,0,
AZ,2020-02-20,1,0,0,0.0,0,
AZ,2020-02-21,1,0,0,0.0,0,
AZ,2020-02-22,1,0,0,0.0,0,
AZ,2020-02-23,1,0,0,0.0,0,
AZ,2020-02-24,1,0,0,0.0,0,
AZ,2020-02-25,1,0,0,0.0,0,
AZ,2020-02-26,1,0,0,0.0,0,
AZ,2020-02-27,1,0,0,0.0,0,
AZ,2020-02-28,1,0,0,0.0,0,
AZ,2020-02-29,1,0,0,0.0,0,
AZ,2020-03-01,1,0,0,0.0,0,
AZ,2020-03-02,1,0,0,0.0,0,
AZ,2020-03-03,1,0,0,0.0,0,
AZ,2020-03-04,1,0,0,0.0,0,
AZ,2020-03-05,1,0,0,0.0,0,
AZ,2020-03-06,2,0,1,100.0,0,
AZ,2020-03-07,4,0,2,100.0,0,
AZ,2020-03-08,4,0,0,0.0,0,
AZ,2020-03-09,4,0,0,0.0,0,
AZ,2020-03-10,6,0,2,50.0,0,
AZ,2020-03-11,9,0,3,50.0,0,
AZ,2020-03-12,9,0,0,0.0,0,
AZ,2020-03-13,9,0,0,0.0,0,
AZ,2020-03-14,12,0,3,33.3,0,
AZ,2020-03-15,13,0,1,8.3,0,
AZ,2020-03-16,18,0,5,38.5,0,
AZ,2020-03-17,20,0,2,11.1,0,
AZ,2020-03-18,27,0,7,35.0,0,
AZ,2020-03-19,45,0,18,66.7,0,
AZ,2020-03-20,78,0,33,73.3,0,
AZ,2020-03-21,118,1,40,51.3,1,
AZ,2020-03-22,152,2,34,28.8,1,100.0
AR,2020-01-22,0,0,0,,0,
AR,2020-01-23,0,0,0,,0,
AR,2020-01-24,0,0,0,,0,
AR,2020-01-25,0,0,0,,0,
AR,2020-01-26,0,0,0,,0,
AR,2020-01-27,0,0,0,,0,
AR,2020-01-28,0,0,0,,0,
AR,2020-01-29,0,0,0,,0,
AR,2020-01-30,0,0,0,,0,
AR,2020-01-31,0,0,0,,0,
AR,2020-02-01,0,0,0,,0,
AR,2020-02-02,0,0,0,,0,
AR,2020-02-03,0,0,0,,0,
AR,2020-02-04,0,0,0,,0,
AR,2020-02-05,0,0,0,,0,
AR,2020-02-06,0,0,0,,0,
AR,2020-02-07,0,0,0,,0,
AR,2020-02-08,0,0,0,,0,
AR,2020-02-09,0,0,0,,0,
AR,2020-02-10,0,0,0,,0,
AR,2020-02-11,0,0,0,,0,
AR,2020-02-12,0,0,0,,0,
AR,2020-02-13,0,0,0,,0,
AR,2020-02-14,0,0,0,,0,
AR,2020-02-15,0,0,0,,0,
AR,2020-02-16,0,0,0,,0,
AR,2020-02-17,0,0,0,,0,
AR,2020-02-18,0,0,0,,0,
AR,2020-02-19,0,0,0,,0,
AR,2020-02-20,0,0,0,,0,
AR,2020-02-21,0,0,0,,0,
AR,2020-02-22,0,0,0,,0,
AR,2020-02-23,0,0,0,,0,
AR,2020-02-24,0,0,0,,0,
AR,2020-02-25,0,0,0,,0,
AR,2020-02-26,0,0,0,,0,
AR,2020-02-27,0,0,0,,0,
AR,2020-02-28,0,0,0,,0,
AR,2020-02-29,0,0,0,,0,
AR,2020-03-01,0,0,0,,0,
AR,2020-03-02,0,0,0,,0,
AR,2020-03-03,0,0,0,,0,
AR,2020-03-04,0,0,0,,0,
AR,2020-03-05,0,0,0,,0,
AR,2020-03-06,0,0,0,,0,
AR,2020-03-07,0,0,0,,0,
AR,2020-03-08,0,0,0,,0,
AR,2020-03-09,0,0,0,,0,
AR,2020-03-10,0,0,0,,0,
AR,2020-03-11,1,0,1,,0,
AR,2020-03-12,6,0,5,500.0,0,
AR,2020-03-13,6,0,0,0.0,0,
AR,2020-03-14,12,0,6,100.0,0,
AR,2020-03-15,16,0,4,33.3,0,
AR,2020-03-16,22,0,6,37.5,0,
AR,2020-03-17,22,0,0,0.0,0,
AR,2020-03-18,33,0,11,50.0,0,
AR,2020-03-19,62,0,29,87.9,0,
AR,2020-03-20,96,0,34,54.8,0,
AR,2020-03-21,122,0,26,27.1,0,
AR,2020-03-22,165,0,43,35.2,0,
CA,2020-01-22,0,0,0,,0,
CA,2020-01-23,0,0,0,,0,
CA,2020-01-24,0,0,0,,0,
CA,2020-01-25,0,0,0,,0,
CA,2020-01-26,2,0,2,,0,
CA,2020-01-27,2,0,0,0.0,0,
CA,2020-01-28,2,0,0,0.0,0,
CA,2020-01-29,2,0,0,0.0,0,
CA,2020-01-30,2,0,0,0.0,0,
CA,2020-01-31,3,0,1,50.0,0,
CA,2020-02-01,3,0,0,0.0,0,
CA,2020-02-02,3,0,0,0.0,0,
CA,2020-02-03,6,0,3,100.0,0,
CA,2020-02-04,6,0,0,0.0,0,
CA,2020-02-05,6,0,0,0.0,0,
CA,2020-02-06,6,0,0,0.0,0,
CA,2020-02-07,6,0,0,0.0,0,
CA,2020-02-08,6,0,0,0.0,0,
CA,2020-02-09,6,0,0,0.0,0,
CA,2020-02-10,6,0,0,0.0,0,
CA,2020-02-11,7,0,1,16.7,0,
CA,2020-02-12,7,0,0,0.0,0,
CA,2020-02-13,8,0,1,14.3,0,
CA,2020-02-14,8,0,0,0.0,0,
CA,2020-02-15,8,0,0,0.0,0,
CA,2020-02-16,8,0,0,0.0,0,
CA,2020-02-17,8,0,0,0.0,0,
CA,2020-02-18,8,0,0,0.0,0,
CA,2020-02-19,8,0,0,0.0,0,
CA,2020-02-20,8,0,0,0.0,0,
CA,2020-02-21,10,0,2,25.0,0,
CA,2020-02-22,10,0,0,0.0,0,
CA,2020-02-23,10,0,0,0.0,0,
CA,2020-02-24,10,0,0,0.0,0,
CA,2020-02-25,10,0,0,0.0,0,
CA,2020-02-26,10,0,0,0.0,0,
CA,2020-02-27,11,0,1,10.0,0,
CA,2020-02-28,11,0,0,0.0,0,
CA,2020-02-29,12,0,1,9.1,0,
CA,2020-03-01,12,0,0,0.0,0,
CA,2020-03-02,21,0,9,75.0,0,
CA,2020-03-03,25,0,4,19.0,0,
CA,2020-03-04,35,1,10,40.0,1,
CA,2020-03-05,51,1,16,45.7,0,0.0
CA,2020-03-06,59,1,8,15.7,0,0.0
CA,2020-03-07,81,1,22,37.3,0,0.0
CA,2020-03-08,95,1,14,17.3,0,0.0
CA,2020-03-09,101,1,6,6.3,0,0.0
CA,2020-03-10,144,2,43,42.6,1,100.0
CA,2020-03-11,177,3,33,22.9,1,50.0
CA,2020-03-12,221,4,44,24.9,1,33.3
CA,2020-03-13,282,4,61,27.6,0,0.0
CA,2020-03-14,340,5,58,20.6,1,25.0
CA,2020-03-15,426,6,86,25.3,1,20.0
CA,2020-03-16,557,7,131,30.8,1,16.7
CA,2020-03-17,698,12,141,25.3,5,71.4
CA,2020-03-18,751,13,53,7.6,1,8.3
CA,2020-03-19,952,18,201,26.8,5,38.5
CA,2020-03-20,1177,23,225,23.6,5,27.8
CA,2020-03-21,1364,24,187,15.9,1,4.3
CA,2020-03-22,1642,30,278,20.4,6,25.0
CO,2020-01-22,0,0,0,,0,
CO,2020-01-23,0,0,0,,0,
CO,2020-01-24,0,0,0,,0,
CO,2020-01-25,0,0,0,,0,
CO,2020-01-26,0,0,0,,0,
CO,2020-01-27,0,0,0,,0,
CO,2020-01-28,0,0,0,,0,
CO,2020-01-29,0,0,0,,0,
CO,2020-01-30,0,0,0,,0,
CO,2020-01-31,0,0,0,,0,
CO,2020-02-01,0,0,0,,0,
CO,2020-02-02,0,0,0,,0,
CO,2020-02-03,0,0,0,,0,
CO,2020-02-04,0,0,0,,0,
CO,2020-02-05,0,0,0,,0,
CO,2020-02-06,0,0,0,,0,
CO,2020-02-07,0,0,0,,0,
CO,2020-02-08,0,0,0,,0,
CO,2020-02-09,0,0,0,,0,
CO,2020-02-10,0,0,0,,0,
CO,2020-02-11,0,0,0,,0,
CO,2020-02-12,0,0,0,,0,
CO,2020-02-13,0,0,0,,0,
CO,2020-02-14,0,0,0,,0,
CO,2020-02-15,0,0,0,,0,
CO,2020-02-16,0,0,0,,0,
CO,2020-02-17,0,0,0,,0,
CO,2020-02-18,0,0,0,,0,
CO,2020-02-19,0,0,0,,0,
CO,2020-02-20,0,0,0,,0,
CO,2020-02-21,0,0,0,,0,
CO,2020-02-22,0,0,0,,0,
CO,2020-02-23,0,0,0,,0,
CO,2020-02-24,0,0,0,,0,
CO,2020-02-25,0,0,0,,0,
CO,2020-02-26,0,0,0,,0,
CO,2020-02-27,0,0,0,,0,
CO,2020-02-28,0,0,0,,0,
CO,2020-02-29,0,0,0,,0,
CO,2020-03-01,0,0,0,,0,
CO,2020-03-02,0,0,0,,0,
CO,2020-03-03,0,0,0,,0,
CO,2020-03-04,0,0,0,,0,
CO,2020-03-05,0,0,0,,0,
CO,2020-03-06,3,0,3,,0,
CO,2020-03-07,7,0,4,133.3,0,
CO,2020-03-08,7,0,0,0.0,0,
CO,2020-03-09,7,0,0,0.0,0,
CO,2020-03-10,15,0,8,114.3,0,
CO,2020-03-11,34,0,19,126.7,0,
CO,2020-03-12,45,0,11,32.4,0,
CO,2020-03-13,49,0,4,8.9,0,
CO,2020-03-14,101,1,52,106.1,1,
CO,2020-03-15,131,1,30,29.7,0,0.0
CO,2020-03-16,160,1,29,22.1,0,0.0
CO,2020-03-17,160,2,0,0.0,1,100.0
CO,2020-03-18,184,2,24,15.0,0,0.0
CO,2020-03-19,277,4,93,50.5,2,100.0
CO,2020-03-20,363,4,86,31.0,0,0.0
CO,2020-03-21,390,4,27,7.4,0,0.0
CO,2020-03-22,476,6,86,22.1,2,50.0
CT,2020-01-22,0,0,0,,0,
CT,2020-01-23,0,0,0,,0,
CT,2020-01-24,0,0,0,,0,
CT,2020-01-25,0,0,0,,0,
CT,2020-01-26,0,0,0,,0,
CT,2020-01-27,0,0,0,,0,
CT,2020-01-28,0,0,0,,0,
CT,2020-01-29,0,0,0,,0,
CT,2020-01-30,0,0,0,,0,
CT,2020-01-31,0,0,0,,0,
CT,2020-02-01,0,0,0,,0,
CT,2020-02-02,0,0,0,,0,
CT,2020-02-03,0,0,0,,0,
CT,2020-02-04,0,0,0,,0,
CT,2020-02-05,0,0,0,,0,
CT,2020-02-06,0,0,0,,0,
CT,2020-02-07,0,0,0,,0,
CT,2020-02-08,0,0,0,,0,
CT,2020-02-09,0,0,0,,0,
CT,2020-02-10,0,0,0,,0,
CT,2020-02-11,0,0,0,,0,
CT,2020-02-12,0,0,0,,0,
CT,2020-02-13,0,0,0,,0,
CT,2020-02-14,0,0,0,,0,
CT,2020-02-15,0,0,0,,0,
CT,2020-02-16,0,0,0,,0,
CT,2020-02-17,0,0,0,,0,
CT,2020-02-18,0,0,0,,0,
CT,2020-02-19,0,0,0,,0,
CT,2020-02-20,0,0,0,,0,
CT,2020-02-21,0,0,0,,0,
CT,2020-02-22,0,0,0,,0,
CT,2020-02-23,0,0,0,,0,
CT,2020-02-24,0,0,0,,0,
CT,2020-02-25,0,0,0,,0,
CT,2020-02-26,0,0,0,,0,
CT,2020-02-27,0,0,0,,0,
CT,2020-02-28,0,0,0,,0,
CT,2020-02-29,0,0,0,,0,
CT,2020-03-01,0,0,0,,0,
CT,2020-03-02,0,0,0,,0,
CT,2020-03-03,0,0,0,,0,
CT,2020-03-04,0,0,0,,0,
CT,2020-03-05,0,0,0,,0,
CT,2020-03-06,0,0,0,,0,
CT,2020-03-07,0,0,0,,0,
CT,2020-03-08,0,0,0,,0,
CT,2020-03-09,0,0,0,,0,
CT,2020-03-10,2,0,2,,0,
CT,2020-03-11,3,0,1,50.0,0,
CT,2020-03-12,5,0,2,66.7,0,
CT,2020-03-13,11,0,6,120.0,0,
CT,2020-03-14,22,0,11,100.0,0,
CT,2020-03-15,24,0,2,9.1,0,
CT,2020-03-16,30,0,6,25.0,0,
CT,2020-03-17,68,0,38,126.7,0,
CT,2020-03-18,68,0,0,0.0,0,
CT,2020-03-19,159,2,91,133.8,2,
CT,2020-03-20,194,3,35,22.0,1,50.0
CT,2020-03-21,194,4,0,0.0,1,33.3
CT,2020-03-22,223,5,29,14.9,1,25.0
DE,2020-01-22,0,0,0,,0,
DE,2020-01-23,0,0,0,,0,
DE,2020-01-24,0,0,0,,0,
DE,2020-01-25,0,0,0,,0,
DE,2020-01-26,0,0,0,,0,
DE,2020-01-27,0,0,0,,0,
DE,2020-01-28,0,0,0,,0,
DE,2020-01-29,0,0,0,,0,
DE,2020-01-30,0,0,0,,0,
DE,2020-01-31,0,0,0,,0,
DE,2020-02-01,0,0,0,,0,
DE,2020-02-02,0,0,0,,0,
DE,2020-02-03,0,0,0,,0,
DE,2020-02-04,0,0,0,,0,
DE,2020-02-05,0,0,0,,0,
DE,2020-02-06,0,0,0,,0,
DE,2020-02-07,0,0,0,,0,
DE,2020-02-08,0,0,0,,0,
DE,2020-02-09,0,0,0,,0,
DE,2020-02-10,0,0,0,,0,
DE,2020-02-11,0,0,0,,0,
DE,2020-02-12,0,0,0,,0,
DE,2020-02-13,0,0,0,,0,
DE,2020-02-14,0,0,0,,0,
DE,2020-02-15,0,0,0,,0,
DE,2020-02-16,0,0,0,,0,
DE,2020-02-17,0,0,0,,0,
DE,2020-02-18,0,0,0,,0,
DE,2020-02-19,0,0,0,,0,
DE,2020-02-20,0,0,0,,0,
DE,2020-02-21,0,0,0,,0,
DE,2020-02-22,0,0,0,,0,
DE,2020-02-23,0,0,0,,0,
DE,2020-02-24,0,0,0,,0,
DE,2020-02-25,0,0,0,,0,
DE,2020-02-26,0,0,0,,0,
DE,2020-02-27,0,0,0,,0,
DE,2020-02-28,0,0,0,,0,
DE,2020-02-29,0,0,0,,0,
DE,2020-03-01,0,0,0,,0,
DE,2020-03-02,0,0,0,,0,
DE,2020-03-03,0,0,0,,0,
DE,2020-03-04,0,0,0,,0,
DE,2020-03-05,0,0,0,,0,
DE,2020-03-06,0,0,0,,0,
DE,2020-03-07,0,0,0,,0,
DE,2020-03-08,0,0,0,,0,
DE,2020-03-09,0,0,0,,0,
DE,2020-03-10,0,0,0,,0,
DE,2020-03-11,1,0,1,,0,
DE,2020-03-12,1,0,0,0.0,0,
DE,2020-03-13,4,0,3,300.0,0,
DE,2020-03-14,6,0,2,50.0,0,
DE,2020-03-15,7,0,1,16.7,0,
DE,2020-03-16,8,0,1,14.3,0,
DE,2020-03-17,16,0,8,100.0,0,
DE,2020-03-18,19,0,3,18.8,0,
DE,2020-03-19,30,0,11,57.9,0,
DE,2020-03-20,38,0,8,26.7,0,
DE,2020-03-21,45,0,7,18.4,0,
DE,2020-03-22,47,0,2,4.4,0,
DC,2020-01-22,0,0,0,,0,
DC,2020-01-23,0,0,0,,0,
DC,2020-01-24,0,0,0,,0,
DC,2020-01-25,0,0,0,,0,
DC,2020-01-26,0,0,0,,0,
DC,2020-01-27,0,0,0,,0,
DC,2020-01-28,0,0,0,,0,
DC,2020-01-29,0,0,0,,0,
DC,2020-01-30,0,0,0,,0,
DC,2020-01-31,0,0,0,,0,
DC,2020-02-01,0,0,0,,0,
DC,2020-02-02,0,0,0,,0,
DC,2020-02-03,0,0,0,,0,
DC,2020-02-04,0,0,0,,0,
DC,2020-02-05,0,0,0,,0,
DC,2020-02-06,0,0,0,,0,
DC,2020-02-07,0,0,0,,0,
DC,2020-02-08,0,0,0,,0,
DC,2020-02-09,0,0,0,,0,
DC,2020-02-10,0,0,0,,0,
DC,2020-02-11,0,0,0,,0,
DC,2020-02-12,0,0,0,,0,
DC,2020-02-13,0,0,0,,0,
DC,2020-02-14,0,0,0,,0,
DC,2020-02-15,0,0,0,,0,
DC,2020-02-16,0,0,0,,0,
DC,2020-02-17,0,0,0,,0,
DC,2020-02-18,0,0,0,,0,
DC,2020-02-19,0,0,0,,0,
DC,2020-02-20,0,0,0,,0,
DC,2020-02-21,0,0,0,,0,
DC,2020-02-22,0,0,0,,0,
DC,2020-02-23,0,0,0,,0,
DC,2020-02-24,0,0,0,,0,
DC,2020-02-25,0,0,0,,0,
DC,2020-02-26,0,0,0,,0,
DC,2020-02-27,0,0,0,,0,
DC,2020-02-28,0,0,0,,0,
DC,2020-02-29,0,0,0,,0,
DC,2020-03-01,0,0,0,,0,
DC,2020-03-02,0,0,0,,0,
DC,2020-03-03,0,0,0,,0,
DC,2020-03-04,0,0,0,,0,
DC,2020-03-05,0,0,0,,0,
DC,2020-03-06,0,0,0,,0,
DC,2020-03-07,0,0,0,,0,
DC,2020-03-08,0,0,0,,0,
DC,2020-03-09,0,0,0,,0,
DC,2020-03-10,5,0,5,,0,
DC,2020-03-11,10,0,5,100.0,0,
DC,2020-03-12,10,0,0,0.0,0,
DC,2020-03-13,10,0,0,0.0,0,
DC,2020-03-14,10,0,0,0.0,0,
DC,2020-03-15,16,0,6,60.0,0,
DC,2020-03-16,22,0,6,37.5,0,
DC,2020-03-17,22,0,0,0.0,0,
DC,2020-03-18,31,0,9,40.9,0,
DC,2020-03-19,40,0,9,29.0,0,
DC,2020-03-20,71,1,31,77.5,1,
DC,2020-03-21,77,1,6,8.5,0,0.0
DC,2020-03-22,102,2,25,32.5,1,100.0
FL,2020-01-22,0,0,0,,0,
FL,2020-01-23,0,0,0,,0,
FL,2020-01-24,0,0,0,,0,
FL,2020-01-25,0,0,0,,0,
FL,2020-01-26,0,0,0,,0,
FL,2020-01-27,0,0,0,,0,
FL,2020-01-28,0,0,0,,0,
FL,2020-01-29,0,0,0,,0,
FL,2020-01-30,0,0,0,,0,
FL,2020-01-31,0,0,0,,0,
FL,2020-02-01,0,0,0,,0,
FL,2020-02-02,0,0,0,,0,
FL,2020-02-03,0,0,0,,0,
FL,2020-02-04,0,0,0,,0,
FL,2020-02-05,0,0,0,,0,
FL,2020-02-06,0,0,0,,0,
FL,2020-02-07,0,0,0,,0,
FL,2020-02-08,0,0,0,,0,
FL,2020-02-09,0,0,0,,0,
FL,2020-02-10,0,0,0,,0,
FL,2020-02-11,0,0,0,,0,
FL,2020-02-12,0,0,0,,0,
FL,2020-02-13,0,0,0,,0,
FL,2020-02-14,0,0,0,,0,
FL,2020-02-15,0,0,0,,0,
FL,2020-02-16,0,0,0,,0,
FL,2020-02-17,0,0,0,,0,
FL,2020-02-18,0,0,0,,0,
FL,2020-02-19,0,0,0,,0,
FL,2020-02-20,0,0,0,,0,
FL,2020-02-21,0,0,0,,0,
FL,2020-02-22,0,0,0,,0,
FL,2020-02-23,0,0,0,,0,
FL,2020-02-24,0,0,0,,0,
FL,2020-02-25,0,0,0,,0,
FL,2020-02-26,0,0,0,,0,
FL,2020-02-27,0,0,0,,0,
FL,2020-02-28,0,0,0,,0,
FL,2020-02-29,0,0,0,,0,
FL,2020-03-01,0,0,0,,0,
FL,2020-03-02,1,0,1,,0,
FL,2020-03-03,2,0,1,100.0,0,
FL,2020-03-04,2,0,0,0.0,0,
FL,2020-03-05,3,0,1,50.0,0,
FL,2020-03-06,3,0,0,0.0,0,
FL,2020-03-07,7,0,4,133.3,0,
FL,2020-03-08,10,2,3,42.9,2,
FL,2020-03-09,13,2,3,30.0,0,0.0
FL,2020-03-10,15,2,2,15.4,0,0.0
FL,2020-03-11,28,2,13,86.7,0,0.0
FL,2020-03-12,35,2,7,25.0,0,0.0
FL,2020-03-13,50,2,15,42.9,0,0.0
FL,2020-03-14,76,3,26,52.0,1,50.0
FL,2020-03-15,115,4,39,51.3,1,33.3
FL,2020-03-16,155,5,40,34.8,1,25.0
FL,2020-03-17,216,6,61,39.4,1,20.0
FL,2020-03-18,314,7,98,45.4,1,16.7
FL,2020-03-19,417,9,103,32.8,2,28.6
FL,2020-03-20,563,10,146,35.0,1,11.1
FL,2020-03-21,659,13,96,17.1,3,30.0
FL,2020-03-22,830,13,171,25.9,0,0.0
GA,2020-01-22,0,0,0,,0,
GA,2020-01-23,0,0,0,,0,
GA,2020-01-24,0,0,0,,0,
GA,2020-01-25,0,0,0,,0,
GA,2020-01-26,0,0,0,,0,
GA,2020-01-27,0,0,0,,0,
GA,2020-01-28,0,0,0,,0,
GA,2020-01-29,0,0,0,,0,
GA,2020-01-30,0,0,0,,0,
GA,2020-01-31,0,0,0,,0,
GA,2020-02-01,0,0,0,,0,
GA,2020-02-02,0,0,0,,0,
GA,2020-02-03,0,0,0,,0,
GA,2020-02-04,0,0,0,,0,
GA,2020-02-05,0,0,0,,0,
GA,2020-02-06,0,0,0,,0,
GA,2020-02-07,0,0,0,,0,
GA,2020-02-08,0,0,0,,0,
GA,2020-02-09,0,0,0,,0,
GA,2020-02-10,0,0,0,,0,
GA,2020-02-11,0,0,0,,0,
GA,2020-02-12,0,0,0,,0,
GA,2020-02-13,0,0,0,,0,
GA,2020-02-14,0,0,0,,0,
GA,2020-02-15,0,0,0,,0,
GA,2020-02-16,0,0,0,,0,
GA,2020-02-17,0,0,0,,0,
GA,2020-02-18,0,0,0,,0,
GA,2020-02-19,0,0,0,,0,
GA,2020-02-20,0,0,0,,0,
GA,2020-02-21,0,0,0,,0,
GA,2020-02-22,0,0,0,,0,
GA,2020-02-23,0,0,0,,0,
GA,2020-02-24,0,0,0,,0,
GA,2020-02-25,0,0,0,,0,
GA,2020-02-26,0,0,0,,0,
GA,2020-02-27,0,0,0,,0,
GA,2020-02-28,0,0,0,,0,
GA,2020-02-29,0,0,0,,0,
GA,2020-03-01,0,0,0,,0,
GA,2020-03-02,0,0,0,,0,
GA,2020-03-03,2,0,2,,0,
GA,2020-03-04,2,0,0,0.0,0,
GA,2020-03-05,2,0,0,0.0,0,
GA,2020-03-06,3,0,1,50.0,0,
GA,2020-03-07,5,0,2,66.7,0,
GA,2020-03-08,5,0,0,0.0,0,
GA,2020-03-09,10,0,5,100.0,0,
GA,2020-03-10,17,0,7,70.0,0,
GA,2020-03-11,23,0,6,35.3,0,
GA,2020-03-12,31,1,8,34.8,1,
GA,2020-03-13,42,1,11,35.5,0,0.0
GA,2020-03-14,66,1,24,57.1,0,0.0
GA,2020-03-15,99,1,33,50.0,0,0.0
GA,2020-03-16,121,1,22,22.2,0,0.0
GA,2020-03-17,146,1,25,20.7,0,0.0
GA,2020-03-18,199,3,53,36.3,2,200.0
GA,2020-03-19,287,10,88,44.2,7,233.3
GA,2020-03-20,420,13,133,46.3,3,30.0
GA,2020-03-21,507,14,87,20.7,1,7.7
GA,2020-03-22,600,23,93,18.3,9,64.3
HI,2020-01-22,0,0,0,,0,
HI,2020-01-23,0,0,0,,0,
HI,2020-01-24,0,0,0,,0,
HI,2020-01-25,0,0,0,,0,
HI,2020-01-26,0,0,0,,0,
HI,2020-01-27,0,0,0,,0,
HI,2020-01-28,0,0,0,,0,
HI,2020-01-29,0,0,0,,0,
HI,2020-01-30,0,0,0,,0,
HI,2020-01-31,0,0,0,,0,
HI,2020-02-01,0,0,0,,0,
HI,2020-02-02,0,0,0,,0,
HI,2020-02-03,0,0,0,,0,
HI,2020-02-04,0,0,0,,0,
HI,2020-02-05,0,0,0,,0,
HI,2020-02-06,0,0,0,,0,
HI,2020-02-07,0,0,0,,0,
HI,2020-02-08,0,0,0,,0,
HI,2020-02-09,0,0,0,,0,
HI,2020-02-10,0,0,0,,0,
HI,2020-02-11,0,0,0,,0,
HI,2020-02-12,0,0,0,,0,
HI,2020-02-13,0,0,0,,0,
HI,2020-02-14,0,0,0,,0,
HI,2020-02-15,0,0,0,,0,
HI,2020-02-16,0,0,0,,0,
HI,2020-02-17,0,0,0,,0,
HI,2020-02-18,0,0,0,,0,
HI,2020-02-19,0,0,0,,0,
HI,2020-02-20,0,0,0,,0,
HI,2020-02-21,0,0,0,,0,
HI,2020-02-22,0,0,0,,0,
HI,2020-02-23,0,0,0,,0,
HI,2020-02-24,0,0,0,,0,
HI,2020-02-25,0,0,0,,0,
HI,2020-02-26,0,0,0,,0,
HI,2020-02-27,0,0,0,,0,
HI,2020-02-28,0,0,0,,0,
HI,2020-02-29,0,0,0,,0,
HI,2020-03-01,0,0,0,,0,
HI,2020-03-02,0,0,0,,0,
HI,2020-03-03,0,0,0,,0,
HI,2020-03-04,0,0,0,,0,
HI,2020-03-05,0,0,0,,0,
HI,2020-03-06,0,0,0,,0,
HI,2020-03-07,1,0,1,,0,
HI,2020-03-08,1,0,0,0.0,0,
HI,2020-03-09,1,0,0,0.0,0,
HI,2020-03-10,2,0,1,100.0,0,
HI,2020-03-11,2,0,0,0.0,0,
HI,2020-03-12,2,0,0,0.0,0,
HI,2020-03-13,2,0,0,0.0,0,
HI,2020-03-14,4,0,2,100.0,0,
HI,2020-03-15,6,0,2,50.0,0,
HI,2020-03-16,7,0,1,16.7,0,
HI,2020-03-17,10,0,3,42.9,0,
HI,2020-03-18,14,0,4,40.0,0,
HI,2020-03-19,16,0,2,14.3,0,
HI,2020-03-20,26,0,10,62.5,0,
HI,2020-03-21,37,0,11,42.3,0,
HI,2020-03-22,48,0,11,29.7,0,
ID,2020-01-22,0,0,0,,0,
ID,2020-01-23,0,0,0,,0,
ID,2020-01-24,0,0,0,,0,
ID,2020-01-25,0,0,0,,0,
ID,2020-01-26,0,0,0,,0,
ID,2020-01-27,0,0,0,,0,
ID,2020-01-28,0,0,0,,0,
ID,2020-01-29,0,0,0,,0,
ID,2020-01-30,0,0,0,,0,
ID,2020-01-31,0,0,0,,0,
ID,2020-02-01,0,0,0,,0,
ID,2020-02-02,0,0,0,,0,
ID,2020-02-03,0,0,0,,0,
ID,2020-02-04,0,0,0,,0,
ID,2020-02-05,0,0,0,,0,
ID,2020-02-06,0,0,0,,0,
ID,2020-02-07,0,0,0,,0,
ID,2020-02-08,0,0,0,,0,
ID,2020-02-09,0,0,0,,0,
ID,2020-02-10,0,0,0,,0,
ID,2020-02-11,0,0,0,,0,
ID,2020-02-12,0,0,0,,0,
ID,2020-02-13,0,0,0,,0,
ID,2020-02-14,0,0,0,,0,
ID,2020-02-15,0,0,0,,0,
ID,2020-02-16,0,0,0,,0,
ID,2020-02-17,0,0,0,,0,
ID,2020-02-18,0,0,0,,0,
ID,2020-02-19,0,0,0,,0,
ID,2020-02-20,0,0,0,,0,
ID,2020-02-21,0,0,0,,0,
ID,2020-02-22,0,0,0,,0,
ID,2020-02-23,0,0,0,,0,
ID,2020-02-24,0,0,0,,0,
ID,2020-02-25,0,0,0,,0,
ID,2020-02-26,0,0,0,,0,
ID,2020-02-27,0,0,0,,0,
ID,2020-02-28,0,0,0,,0,
ID,2020-02-29,0,0,0,,0,
ID,2020-03-01,0,0,0,,0,
ID,2020-03-02,0,0,0,,0,
ID,2020-03-03,0,0,0,,0,
ID,2020-03-04,0,0,0,,0,
ID,2020-03-05,0,0,0,,0,
ID,2020-03-06,0,0,0,,0,
ID,2020-03-07,0,0,0,,0,
ID,2020-03-08,0,0,0,,0,
ID,2020-03-09,0,0,0,,0,
ID,2020-03-10,0,0,0,,0,
ID,2020-03-11,0,0,0,,0,
ID,2020-03-12,0,0,0,,0,
ID,2020-03-13,1,0,1,,0,
ID,2020-03-14,2,0,1,100.0,0,
ID,2020-03-15,5,0,3,150.0,0,
ID,2020-03-16,5,0,0,0.0,0,
ID,2020-03-17,8,0,3,60.0,0,
ID,2020-03-18,9,0,1,12.5,0,
ID,2020-03-19,11,0,2,22.2,0,
ID,2020-03-20,23,0,12,109.1,0,
ID,2020-03-21,36,0,13,56.5,0,
ID,2020-03-22,42,0,6,16.7,0,
IL,2020-01-22,0,0,0,,0,
IL,2020-01-23,0,0,0,,0,
IL,2020-01-24,1,0,1,,0,
IL,2020-01-25,1,0,0,0.0,0,
IL,2020-01-26,1,0,0,0.0,0,
IL,2020-01-27,1,0,0,0.0,0,
IL,2020-01-28,1,0,0,0.0,0,
IL,2020-01-29,1,0,0,0.0,0,
IL,2020-01-30,1,0,0,0.0,0,
IL,2020-01-31,2,0,1,100.0,0,
IL,2020-02-01,2,0,0,0.0,0,
IL,2020-02-02,2,0,0,0.0,0,
IL,2020-02-03,2,0,0,0.0,0,
IL,2020-02-04,2,0,0,0.0,0,
IL,2020-02-05,2,0,0,0.0,0,
IL,2020-02-06,2,0,0,0.0,0,
IL,2020-02-07,2,0,0,0.0,0,
IL,2020-02-08,2,0,0,0.0,0,
IL,2020-02-09,2,0,0,0.0,0,
IL,2020-02-10,2,0,0,0.0,0,
IL,2020-02-11,2,0,0,0.0,0,
IL,2020-02-12,2,0,0,0.0,0,
IL,2020-02-13,2,0,0,0.0,0,
IL,2020-02-14,2,0,0,0.0,0,
IL,2020-02-15,2,0,0,0.0,0,
IL,2020-02-16,2,0,0,0.0,0,
IL,2020-02-17,2,0,0,0.0,0,
IL,2020-02-18,2,0,0,0.0,0,
IL,2020-02-19,2,0,0,0.0,0,
IL,2020-02-20,2,0,0,0.0,0,
IL,2020-02-21,2,0,0,0.0,0,
IL,2020-02-22,2,0,0,0.0,0,
IL,2020-02-23,2,0,0,0.0,0,
IL,2020-02-24,2,0,0,0.0,0,
IL,2020-02-25,2,0,0,0.0,0,
IL,2020-02-26,2,0,0,0.0,0,
IL,2020-02-27,2,0,0,0.0,0,
IL,2020-02-28,2,0,0,0.0,0,
IL,2020-02-29,2,0,0,0.0,0,
IL,2020-03-01,3,0,1,50.0,0,
IL,2020-03-02,4,0,1,33.3,0,
IL,2020-03-03,4,0,0,0.0,0,
IL,2020-03-04,4,0,0,0.0,0,
IL,2020-03-05,5,0,1,25.0,0,
IL,2020-03-06,5,0,0,0.0,0,
IL,2020-03-07,6,0,1,20.0,0,
IL,2020-03-08,7,0,1,16.7,0,
IL,2020-03-09,7,0,0,0.0,0,
IL,2020-03-10,12,0,5,71.4,0,
IL,2020-03-11,25,0,13,108.3,0,
IL,2020-03-12,32,0,7,28.0,0,
IL,2020-03-13,46,0,14,43.8,0,
IL,2020-03-14,64,0,18,39.1,0,
IL,2020-03-15,93,0,29,45.3,0,
IL,2020-03-16,105,0,12,12.9,0,
IL,2020-03-17,161,1,56,53.3,1,
IL,2020-03-18,162,1,1,0.6,0,0.0
IL,2020-03-19,422,4,260,160.5,3,300.0
IL,2020-03-20,585,5,163,38.6,1,25.0
IL,2020-03-21,753,6,168,28.7,1,20.0
IL,2020-03-22,1049,9,296,39.3,3,50.0
IN,2020-01-22,0,0,0,,0,
IN,2020-01-23,0,0,0,,0,
IN,2020-01-24,0,0,0,,0,
IN,2020-01-25,0,0,0,,0,
IN,2020-01-26,0,0,0,,0,
IN,2020-01-27,0,0,0,,0,
IN,2020-01-28,0,0,0,,0,
IN,2020-01-29,0,0,0,,0,
IN,2020-01-30,0,0,0,,0,
IN,2020-01-31,0,0,0,,0,
IN,2020-02-01,0,0,0,,0,
IN,2020-02-02,0,0,0,,0,
IN,2020-02-03,0,0,0,,0,
IN,2020-02-04,0,0,0,,0,
IN,2020-02-05,0,0,0,,0,
IN,2020-02-06,0,0,0,,0,
IN,2020-02-07,0,0,0,,0,
IN,2020-02-08,0,0,0,,0,
IN,2020-02-09,0,0,0,,0,
IN,2020-02-10,0,0,0,,0,
IN,2020-02-11,0,0,0,,0,
IN,2020-02-12,0,0,0,,0,
IN,2020-02-13,0,0,0,,0,
IN,2020-02-14,0,0,0,,0,
IN,2020-02-15,0,0,0,,0,
IN,2020-02-16,0,0,0,,0,
IN,2020-02-17,0,0,0,,0,
IN,2020-02-18,0,0,0,,0,
IN,2020-02-19,0,0,0,,0,
IN,2020-02-20,0,0,0,,0,
IN,2020-02-21,0,0,0,,0,
IN,2020-02-22,0,0,0,,0,
IN,2020-02-23,0,0,0,,0,
IN,2020-02-24,0,0,0,,0,
IN,2020-02-25,0,0,0,,0,
IN,2020-02-26,0,0,0,,0,
IN,2020-02-27,0,0,0,,0,
IN,2020-02-28,0,0,0,,0,
IN,2020-02-29,0,0,0,,0,
IN,2020-03-01,0,0,0,,0,
IN,2020-03-02,0,0,0,,0,
IN,2020-03-03,0,0,0,,0,
IN,2020-03-04,0,0,0,,0,
IN,2020-03-05,0,0,0,,0,
IN,2020-03-06,1,0,1,,0,
IN,2020-03-07,1,0,0,0.0,0,
IN,2020-03-08,2,0,1,100.0,0,
IN,2020-03-09,3,0,1,50.0,0,
IN,2020-03-10,6,0,3,100.0,0,
IN,2020-03-11,11,0,5,83.3,0,
IN,2020-03-12,13,0,2,18.2,0,
IN,2020-03-13,13,0,0,0.0,0,
IN,2020-03-14,16,0,3,23.1,0,
IN,2020-03-15,20,0,4,25.0,0,
IN,2020-03-16,25,1,5,25.0,1,
IN,2020-03-17,30,2,5,20.0,1,100.0
IN,2020-03-18,39,2,9,30.0,0,0.0
IN,2020-03-19,60,2,21,53.8,0,0.0
IN,2020-03-20,86,2,26,43.3,0,0.0
IN,2020-03-21,128,4,42,48.8,2,100.0
IN,2020-03-22,201,6,73,57.0,2,50.0
IA,2020-01-22,0,0,0,,0,
IA,2020-01-23,0,0,0,,0,
IA,2020-01-24,0,0,0,,0,
IA,2020-01-25,0,0,0,,0,
IA,2020-01-26,0,0,0,,0,
IA,2020-01-27,0,0,0,,0,
IA,2020-01-28,0,0,0,,0,
IA,2020-01-29,0,0,0,,0,
IA,2020-01-30,0,0,0,,0,
IA,2020-01-31,0,0,0,,0,
IA,2020-02-01,0,0,0,,0,
IA,2020-02-02,0,0,0,,0,
IA,2020-02-03,0,0,0,,0,
IA,2020-02-04,0,0,0,,0,
IA,2020-02-05,0,0,0,,0,
IA,2020-02-06,0,0,0,,0,
IA,2020-02-07,0,0,0,,0,
IA,2020-02-08,0,0,0,,0,
IA,2020-02-09,0,0,0,,0,
IA,2020-02-10,0,0,0,,0,
IA,2020-02-11,0,0,0,,0,
IA,2020-02-12,0,0,0,,0,
IA,2020-02-13,0,0,0,,0,
IA,2020-02-14,0,0,0,,0,
IA,2020-02-15,0,0,0,,0,
IA,2020-02-16,0,0,0,,0,
IA,2020-02-17,0,0,0,,0,
IA,2020-02-18,0,0,0,,0,
IA,2020-02-19,0,0,0,,0,
IA,2020-02-20,0,0,0,,0,
IA,2020-02-21,0,0,0,,0,
IA,2020-02-22,0,0,0,,0,
IA,2020-02-23,0,0,0,,0,
IA,2020-02-24,0,0,0,,0,
IA,2020-02-25,0,0,0,,0,
IA,2020-02-26,0,0,0,,0,
IA,2020-02-27,0,0,0,,0,
IA,2020-02-28,0,0,0,,0,
IA,2020-02-29,0,0,0,,0,
IA,2020-03-01,0,0,0,,0,
IA,2020-03-02,0,0,0,,0,
IA,2020-03-03,0,0,0,,0,
IA,2020-03-04,0,0,0,,0,
IA,2020-03-05,0,0,0,,0,
IA,2020-03-06,0,0,0,,0,
IA,2020-03-07,0,0,0,,0,
IA,2020-03-08,0,0,0,,0,
IA,2020-03-09,3,0,3,,0,
IA,2020-03-10,8,0,5,166.7,0,
IA,2020-03-11,13,0,5,62.5,0,
IA,2020-03-12,16,0,3,23.1,0,
IA,2020-03-13,17,0,1,6.2,0,
IA,2020-03-14,17,0,0,0.0,0,
IA,2020-03-15,18,0,1,5.9,0,
IA,2020-03-16,23,0,5,27.8,0,
IA,2020-03-17,23,0,0,0.0,0,
IA,2020-03-18,29,0,6,26.1,0,
IA,2020-03-19,44,0,15,51.7,0,
IA,2020-03-20,45,0,1,2.3,0,
IA,2020-03-21,68,0,23,51.1,0,
IA,2020-03-22,90,0,22,32.4,0,
KS,2020-01-22,0,0,0,,0,
KS,2020-01-23,0,0,0,,0,
KS,2020-01-24,0,0,0,,0,
KS,2020-01-25,0,0,0,,0,
KS,2020-01-26,0,0,0,,0,
KS,2020-01-27,0,0,0,,0,
KS,2020-01-28,0,0,0,,0,
KS,2020-01-29,0,0,0,,0,
KS,2020-01-30,0,0,0,,0,
KS,2020-01-31,0,0,0,,0,
KS,2020-02-01,0,0,0,,0,
KS,2020-02-02,0,0,0,,0,
KS,2020-02-03,0,0,0,,0,
KS,2020-02-04,0,0,0,,0,
KS,2020-02-05,0,0,0,,0,
KS,2020-02-06,0,0,0,,0,
KS,2020-02-07,0,0,0,,0,
KS,2020-02-08,0,0,0,,0,
KS,2020-02-09,0,0,0,,0,
KS,2020-02-10,0,0,0,,0,
KS,2020-02-11,0,0,0,,0,
KS,2020-02-12,0,0,0,,0,
KS,2020-02-13,0,0,0,,0,
KS,2020-02-14,0,0,0,,0,
KS,2020-02-15,0,0,0,,0,
KS,2020-02-16,0,0,0,,0,
KS,2020-02-17,0,0,0,,0,
KS,2020-02-18,0,0,0,,0,
KS,2020-02-19,0,0,0,,0,
KS,2020-02-20,0,0,0,,0,
KS,2020-02-21,0,0,0,,0,
KS,2020-02-22,0,0,0,,0,
KS,2020-02-23,0,0,0,,0,
KS,2020-02-24,0,0,0,,0,
KS,2020-02-25,0,0,0,,0,
KS,2020-02-26,0,0,0,,0,
KS,2020-02-27,0,0,0,,0,
KS,2020-02-28,0,0,0,,0,
KS,2020-02-29,0,0,0,,0,
KS,2020-03-01,0,0,0,,0,
KS,2020-03-02,0,0,0,,0,
KS,2020-03-03,0,0,0,,0,
KS,2020-03-04,0,0,0,,0,
KS,2020-03-05,0,0,0,,0,
KS,2020-03-06,0,0,0,,0,
KS,2020-03-07,0,0,0,,0,
KS,2020-03-08,1,0,1,,0,
KS,2020-03-09,1,0,0,0.0,0,
KS,2020-03-10,1,0,0,0.0,0,
KS,2020-03-11,1,0,0,0.0,0,
KS,2020-03-12,1,0,0,0.0,0,
KS,2020-03-13,5,1,4,400.0,1,
KS,2020-03-14,8,1,3,60.0,0,0.0
KS,2020-03-15,8,1,0,0.0,0,0.0
KS,2020-03-16,11,1,3,37.5,0,0.0
KS,2020-03-17,18,1,7,63.6,0,0.0
KS,2020-03-18,18,1,0,0.0,0,0.0
KS,2020-03-19,34,1,16,88.9,0,0.0
KS,2020-03-20,44,1,10,29.4,0,0.0
KS,2020-03-21,57,2,13,29.5,1,100.0
KS,2020-03-22,64,2,7,12.3,0,0.0
KY,2020-01-22,0,0,0,,0,
KY,2020-01-23,0,0,0,,0,
KY,2020-01-24,0,0,0,,0,
KY,2020-01-25,0,0,0,,0,
KY,2020-01-26,0,0,0,,0,
KY,2020-01-27,0,0,0,,0,
KY,2020-01-28,0,0,0,,0,
KY,2020-01-29,0,0,0,,0,
KY,2020-01-30,0,0,0,,0,
KY,2020-01-31,0,0,0,,0,
KY,2020-02-01,0,0,0,,0,
KY,2020-02-02,0,0,0,,0,
KY,2020-02-03,0,0,0,,0,
KY,2020-02-04,0,0,0,,0,
KY,2020-02-05,0,0,0,,0,
KY,2020-02-06,0,0,0,,0,
KY,2020-02-07,0,0,0,,0,
KY,2020-02-08,0,0,0,,0,
KY,2020-02-09,0,0,0,,0,
KY,2020-02-10,0,0,0,,0,
KY,2020-02-11,0,0,0,,0,
KY,2020-02-12,0,0,0,,0,
KY,2020-02-13,0,0,0,,0,
KY,2020-02-14,0,0,0,,0,
KY,2020-02-15,0,0,0,,0,
KY,2020-02-16,0,0,0,,0,
KY,2020-02-17,0,0,0,,0,
KY,2020-02-18,0,0,0,,0,
KY,2020-02-19,0,0,0,,0,
KY,2020-02-20,0,0,0,,0,
KY,2020-02-21,0,0,0,,0,
KY,2020-02-22,0,0,0,,0,
KY,2020-02-23,0,0,0,,0,
KY,2020-02-24,0,0,0,,0,
KY,2020-02-25,0,0,0,,0,
KY,2020-02-26,0,0,0,,0,
KY,2020-02-27,0,0,0,,0,
KY,2020-02-28,0,0,0,,0,
KY,2020-02-29,0,0,0,,0,
KY,2020-03-01,0,0,0,,0,
KY,2020-03-02,0,0,0,,0,
KY,2020-03-03,0,0,0,,0,
KY,2020-03-04,0,0,0,,0,
KY,2020-03-05,0,0,0,,0,
KY,2020-03-06,1,0,1,,0,
KY,2020-03-07,1,0,0,0.0,0,
KY,2020-03-08,1,0,0,0.0,0,
KY,2020-03-09,4,0,3,300.0,0,
KY,2020-03-10,6,0,2,50.0,0,
KY,2020-03-11,8,0,2,33.3,0,
KY,2020-03-12,10,0,2,25.0,0,
KY,2020-03-13,14,0,4,40.0,0,
KY,2020-03-14,14,0,0,0.0,0,
KY,2020-03-15,20,0,6,42.9,0,
KY,2020-03-16,21,1,1,5.0,1,
KY,2020-03-17,26,1,5,23.8,0,0.0
KY,2020-03-18,27,1,1,3.8,0,0.0
KY,2020-03-19,37,2,10,37.0,1,100.0
KY,2020-03-20,47,2,10,27.0,0,0.0
KY,2020-03-21,87,3,40,85.1,1,50.0
KY,2020-03-22,99,3,12,13.8,0,0.0
LA,2020-01-22,0,0,0,,0,
LA,2020-01-23,0,0,0,,0,
LA,2020-01-24,0,0,0,,0,
LA,2020-01-25,0,0,0,,0,
LA,2020-01-26,0,0,0,,0,
LA,2020-01-27,0,0,0,,0,
LA,2020-01-28,0,0,0,,0,
LA,2020-01-29,0,0,0,,0,
LA,2020-01-30,0,0,0,,0,
LA,2020-01-31,0,0,0,,0,
LA,2020-02-01,0,0,0,,0,
LA,2020-02-02,0,0,0,,0,
LA,2020-02-03,0,0,0,,0,
LA,2020-02-04,0,0,0,,0,
LA,2020-02-05,0,0,0,,0,
LA,2020-02-06,0,0,0,,0,
LA,2020-02-07,0,0,0,,0,
LA,2020-02-08,0,0,0,,0,
LA,2020-02-09,0,0,0,,0,
LA,2020-02-10,0,0,0,,0,
LA,2020-02-11,0,0,0,,0,
LA,2020-02-12,0,0,0,,0,
LA,2020-02-13,0,0,0,,0,
LA,2020-02-14,0,0,0,,0,
LA,2020-02-15,0,0,0,,0,
LA,2020-02-16,0,0,0,,0,
LA,2020-02-17,0,0,0,,0,
LA,2020-02-18,0,0,0,,0,
LA,2020-02-19,0,0,0,,0,
LA,2020-02-20,0,0,0,,0,
LA,2020-02-21,0,0,0,,0,
LA,2020-02-22,0,0,0,,0,
LA,2020-02-23,0,0,0,,0,
LA,2020-02-24,0,0,0,,0,
LA,2020-02-25,0,0,0,,0,
LA,2020-02-26,0,0,0,,0,
LA,2020-02-27,0,0,0,,0,
LA,2020-02-28,0,0,0,,0,
LA,2020-02-29,0,0,0,,0,
LA,2020-03-01,0,0,0,,0,
LA,2020-03-02,0,0,0,,0,
LA,2020-03-03,0,0,0,,0,
LA,2020-03-04,0,0,0,,0,
LA,2020-03-05,0,0,0,,0,
LA,2020-03-06,0,0,0,,0,
LA,2020-03-07,0,0,0,,0,
LA,2020-03-08,0,0,0,,0,
LA,2020-03-09,1,0,1,,0,
LA,2020-03-10,1,0,0,0.0,0,
LA,2020-03-11,6,0,5,500.0,0,
LA,2020-03-12,19,0,13,216.7,0,
LA,2020-03-13,36,0,17,89.5,0,
LA,2020-03-14,77,1,41,113.9,1,
LA,2020-03-15,91,2,14,18.2,1,100.0
LA,2020-03-16,136,3,45,49.5,1,50.0
LA,2020-03-17,196,4,60,44.1,1,33.3
LA,2020-03-18,257,4,61,31.1,0,0.0
LA,2020-03-19,392,10,135,52.5,6,150.0
LA,2020-03-20,538,14,146,37.2,4,40.0
LA,2020-03-21,585,16,47,8.7,2,14.3
LA,2020-03-22,837,20,252,43.1,4,25.0
ME,2020-01-22,0,0,0,,0,
ME,2020-01-23,0,0,0,,0,
ME,2020-01-24,0,0,0,,0,
ME,2020-01-25,0,0,0,,0,
ME,2020-01-26,0,0,0,,0,
ME,2020-01-27,0,0,0,,0,
ME,2020-01-28,0,0,0,,0,
ME,2020-01-29,0,0,0,,0,
ME,2020-01-30,0,0,0,,0,
ME,2020-01-31,0,0,0,,0,
ME,2020-02-01,0,0,0,,0,
ME,2020-02-02,0,0,0,,0,
ME,2020-02-03,0,0,0,,0,
ME,2020-02-04,0,0,0,,0,
ME,2020-02-05,0,0,0,,0,
ME,2020-02-06,0,0,0,,0,
ME,2020-02-07,0,0,0,,0,
ME,2020-02-08,0,0,0,,0,
ME,2020-02-09,0,0,0,,0,
ME,2020-02-10,0,0,0,,0,
ME,2020-02-11,0,0,0,,0,
ME,2020-02-12,0,0,0,,0,
ME,2020-02-13,0,0,0,,0,
ME,2020-02-14,0,0,0,,0,
ME,2020-02-15,0,0,0,,0,
ME,2020-02-16,0,0,0,,0,
ME,2020-02-17,0,0,0,,0,
ME,2020-02-18,0,0,0,,0,
ME,2020-02-19,0,0,0,,0,
ME,2020-02-20,0,0,0,,0,
ME,2020-02-21,0,0,0,,0,
ME,2020-02-22,0,0,0,,0,
ME,2020-02-23,0,0,0,,0,
ME,2020-02-24,0,0,0,,0,
ME,2020-02-25,0,0,0,,0,
ME,2020-02-26,0,0,0,,0,
ME,2020-02-27,0,0,0,,0,
ME,2020-02-28,0,0,0,,0,
ME,2020-02-29,0,0,0,,0,
ME,2020-03-01,0,0,0,,0,
ME,2020-03-02,0,0,0,,0,
ME,2020-03-03,0,0,0,,0,
ME,2020-03-04,0,0,0,,0,
ME,2020-03-05,0,0,0,,0,
ME,2020-03-06,0,0,0,,0,
ME,2020-03-07,0,0,0,,0,
ME,2020-03-08,0,0,0,,0,
ME,2020-03-09,0,0,0,,0,
ME,2020-03-10,0,0,0,,0,
ME,2020-03-11,0,0,0,,0,
ME,2020-03-12,0,0,0,,0,
ME,2020-03-13,1,0,1,,0,
ME,2020-03-14,3,0,2,200.0,0,
ME,2020-03-15,12,0,9,300.0,0,
ME,2020-03-16,17,0,5,41.7,0,
ME,2020-03-17,32,0,15,88.2,0,
ME,2020-03-18,42,0,10,31.2,0,
ME,2020-03-19,52,0,10,23.8,0,
ME,2020-03-20,56,0,4,7.7,0,
ME,2020-03-21,70,0,14,25.0,0,
ME,2020-03-22,89,0,19,27.1,0,
MD,2020-01-22,0,0,0,,0,
MD,2020-01-23,0,0,0,,0,
MD,2020-01-24,0,0,0,,0,
MD,2020-01-25,0,0,0,,0,
MD,2020-01-26,0,0,0,,0,
MD,2020-01-27,0,0,0,,0,
MD,2020-01-28,0,0,0,,0,
MD,2020-01-29,0,0,0,,0,
MD,2020-01-30,0,0,0,,0,
MD,2020-01-31,0,0,0,,0,
MD,2020-02-01,0,0,0,,0,
MD,2020-02-02,0,0,0,,0,
MD,2020-02-03,0,0,0,,0,
MD,2020-02-04,0,0,0,,0,
MD,2020-02-05,0,0,0,,0,
MD,2020-02-06,0,0,0,,0,
MD,2020-02-07,0,0,0,,0,
MD,2020-02-08,0,0,0,,0,
MD,2020-02-09,0,0,0,,0,
MD,2020-02-10,0,0,0,,0,
MD,2020-02-11,0,0,0,,0,
MD,2020-02-12,0,0,0,,0,
MD,2020-02-13,0,0,0,,0,
MD,2020-02-14,0,0,0,,0,
MD,2020-02-15,0,0,0,,0,
MD,2020-02-16,0,0,0,,0,
MD,2020-02-17,0,0,0,,0,
MD,2020-02-18,0,0,0,,0,
MD,2020-02-19,0,0,0,,0,
MD,2020-02-20,0,0,0,,0,
MD,2020-02-21,0,0,0,,0,
MD,2020-02-22,0,0,0,,0,
MD,2020-02-23,0,0,0,,0,
MD,2020-02-24,0,0,0,,0,
MD,2020-02-25,0,0,0,,0,
MD,2020-02-26,0,0,0,,0,
MD,2020-02-27,0,0,0,,0,
MD,2020-02-28,0,0,0,,0,
MD,2020-02-29,0,0,0,,0,
MD,2020-03-01,0,0,0,,0,
MD,2020-03-02,0,0,0,,0,
MD,2020-03-03,0,0,0,,0,
MD,2020-03-04,0,0,0,,0,
MD,2020-03-05,0,0,0,,0,
MD,2020-03-06,3,0,3,,0,
MD,2020-03-07,3,0,0,0.0,0,
MD,2020-03-08,5,0,2,66.7,0,
MD,2020-03-09,5,0,0,0.0,0,
MD,2020-03-10,8,0,3,60.0,0,
MD,2020-03-11,9,0,1,12.5,0,
MD,2020-03-12,12,0,3,33.3,0,
MD,2020-03-13,18,0,6,50.0,0,
MD,2020-03-14,26,0,8,44.4,0,
MD,2020-03-15,32,0,6,23.1,0,
MD,2020-03-16,41,0,9,28.1,0,
MD,2020-03-17,60,0,19,46.3,0,
MD,2020-03-18,85,0,25,41.7,0,
MD,2020-03-19,107,1,22,25.9,1,
MD,2020-03-20,149,1,42,39.3,0,0.0
MD,2020-03-21,193,2,44,29.5,1,100.0
MD,2020-03-22,244,3,51,26.4,1,50.0
MA,2020-01-22,0,0,0,,0,
MA,2020-01-23,0,0,0,,0,
MA,2020-01-24,0,0,0,,0,
MA,2020-01-25,0,0,0,,0,
MA,2020-01-26,0,0,0,,0,
MA,2020-01-27,0,0,0,,0,
MA,2020-01-28,0,0,0,,0,
MA,2020-01-29,0,0,0,,0,
MA,2020-01-30,0,0,0,,0,
MA,2020-01-31,0,0,0,,0,
MA,2020-02-01,1,0,1,,0,
MA,2020-02-02,1,0,0,0.0,0,
MA,2020-02-03,1,0,0,0.0,0,
MA,2020-02-04,1,0,0,0.0,0,
MA,2020-02-05,1,0,0,0.0,0,
MA,2020-02-06,1,0,0,0.0,0,
MA,2020-02-07,1,0,0,0.0,0,
MA,2020-02-08,1,0,0,0.0,0,
MA,2020-02-09,1,0,0,0.0,0,
MA,2020-02-10,1,0,0,0.0,0,
MA,2020-02-11,1,0,0,0.0,0,
MA,2020-02-12,1,0,0,0.0,0,
MA,2020-02-13,1,0,0,0.0,0,
MA,2020-02-14,1,0,0,0.0,0,
MA,2020-02-15,1,0,0,0.0,0,
MA,2020-02-16,1,0,0,0.0,0,
MA,2020-02-17,1,0,0,0.0,0,
MA,2020-02-18,1,0,0,0.0,0,
MA,2020-02-19,1,0,0,0.0,0,
MA,2020-02-20,1,0,0,0.0,0,
MA,2020-02-21,1,0,0,0.0,0,
MA,2020-02-22,1,0,0,0.0,0,
MA,2020-02-23,1,0,0,0.0,0,
MA,2020-02-24,1,0,0,0.0,0,
MA,2020-02-25,1,0,0,0.0,0,
MA,2020-02-26,1,0,0,0.0,0,
MA,2020-02-27,1,0,0,0.0,0,
MA,2020-02-28,1,0,0,0.0,0,
MA,2020-02-29,1,0,0,0.0,0,
MA,2020-03-01,1,0,0,0.0,0,
MA,2020-03-02,1,0,0,0.0,0,
MA,2020-03-03,2,0,1,100.0,0,
MA,2020-03-04,2,0,0,0.0,0,
MA,2020-03-05,2,0,0,0.0,0,
MA,2020-03-06,6,0,4,200.0,0,
MA,2020-03-07,6,0,0,0.0,0,
MA,2020-03-08,22,0,16,266.7,0,
MA,2020-03-09,22,0,0,0.0,0,
MA,2020-03-10,92,0,70,318.2,0,
MA,2020-03-11,95,0,3,3.3,0,
MA,2020-03-12,108,0,13,13.7,0,
MA,2020-03-13,123,0,15,13.9,0,
MA,2020-03-14,138,0,15,12.2,0,
MA,2020-03-15,164,0,26,18.8,0,
MA,2020-03-16,197,0,33,20.1,0,
MA,2020-03-17,218,0,21,10.7,0,
MA,2020-03-18,218,0,0,0.0,0,
MA,2020-03-19,328,0,110,50.5,0,
MA,2020-03-20,413,1,85,25.9,1,
MA,2020-03-21,525,1,112,27.1,0,0.0
MA,2020-03-22,646,5,121,23.0,4,400.0
MI,2020-01-22,0,0,0,,0,
MI,2020-01-23,0,0,0,,0,
MI,2020-01-24,0,0,0,,0,
MI,2020-01-25,0,0,0,,0,
MI,2020-01-26,0,0,0,,0,
MI,2020-01-27,0,0,0,,0,
MI,2020-01-28,0,0,0,,0,
MI,2020-01-29,0,0,0,,0,
MI,2020-01-30,0,0,0,,0,
MI,2020-01-31,0,0,0,,0,
MI,2020-02-01,0,0,0,,0,
MI,2020-02-02,0,0,0,,0,
MI,2020-02-03,0,0,0,,0,
MI,2020-02-04,0,0,0,,0,
MI,2020-02-05,0,0,0,,0,
MI,2020-02-06,0,0,0,,0,
MI,2020-02-07,0,0,0,,0,
MI,2020-02-08,0,0,0,,0,
MI,2020-02-09,0,0,0,,0,
MI,2020-02-10,0,0,0,,0,
MI,2020-02-11,0,0,0,,0,
MI,2020-02-12,0,0,0,,0,
MI,2020-02-13,0,0,0,,0,
MI,2020-02-14,0,0,0,,0,
MI,2020-02-15,0,0,0,,0,
MI,2020-02-16,0,0,0,,0,
MI,2020-02-17,0,0,0,,0,
MI,2020-02-18,0,0,0,,0,
MI,2020-02-19,0,0,0,,0,
MI,2020-02-20,0,0,0,,0,
MI,2020-02-21,0,0,0,,0,
MI,2020-02-22,0,0,0,,0,
MI,2020-02-23,0,0,0,,0,
MI,2020-02-24,0,0,0,,0,
MI,2020-02-25,0,0,0,,0,
MI,2020-02-26,0,0,0,,0,
MI,2020-02-27,0,0,0,,0,
MI,2020-02-28,0,0,0,,0,
MI,2020-02-29,0,0,0,,0,
MI,2020-03-01,0,0,0,,0,
MI,2020-03-02,0,0,0,,0,
MI,2020-03-03,0,0,0,,0,
MI,2020-03-04,0,0,0,,0,
MI,2020-03-05,0,0,0,,0,
MI,2020-03-06,0,0,0,,0,
MI,2020-03-07,0,0,0,,0,
MI,2020-03-08,0,0,0,,0,
MI,2020-03-09,0,0,0,,0,
MI,2020-03-10,0,0,0,,0,
MI,2020-03-11,2,0,2,,0,
MI,2020-03-12,2,0,0,0.0,0,
MI,2020-03-13,16,0,14,700.0,0,
MI,2020-03-14,25,0,9,56.2,0,
MI,2020-03-15,33,0,8,32.0,0,
MI,2020-03-16,53,0,20,60.6,0,
MI,2020-03-17,65,0,12,22.6,0,
MI,2020-03-18,83,0,18,27.7,0,
MI,2020-03-19,334,3,251,302.4,3,
MI,2020-03-20,552,3,218,65.3,0,0.0
MI,2020-03-21,788,5,236,42.8,2,66.7
MI,2020-03-22,1037,9,249,31.6,4,80.0
MN,2020-01-22,0,0,0,,0,
MN,2020-01-23,0,0,0,,0,
MN,2020-01-24,0,0,0,,0,
MN,2020-01-25,0,0,0,,0,
MN,2020-01-26,0,0,0,,0,
MN,2020-01-27,0,0,0,,0,
MN,2020-01-28,0,0,0,,0,
MN,2020-01-29,0,0,0,,0,
MN,2020-01-30,0,0,0,,0,
MN,2020-01-31,0,0,0,,0,
MN,2020-02-01,0,0,0,,0,
MN,2020-02-02,0,0,0,,0,
MN,2020-02-03,0,0,0,,0,
MN,2020-02-04,0,0,0,,0,
MN,2020-02-05,0,0,0,,0,
MN,2020-02-06,0,0,0,,0,
MN,2020-02-07,0,0,0,,0,
MN,2020-02-08,0,0,0,,0,
MN,2020-02-09,0,0,0,,0,
MN,2020-02-10,0,0,0,,0,
MN,2020-02-11,0,0,0,,0,
MN,2020-02-12,0,0,0,,0,
MN,2020-02-13,0,0,0,,0,
MN,2020-02-14,0,0,0,,0,
MN,2020-02-15,0,0,0,,0,
MN,2020-02-16,0,0,0,,0,
MN,2020-02-17,0,0,0,,0,
MN,2020-02-18,0,0,0,,0,
MN,2020-02-19,0,0,0,,0,
MN,2020-02-20,0,0,0,,0,
MN,2020-02-21,0,0,0,,0,
MN,2020-02-22,0,0,0,,0,
MN,2020-02-23,0,0,0,,0,
MN,2020-02-24,0,0,0,,0,
MN,2020-02-25,0,0,0,,0,
MN,2020-02-26,0,0,0,,0,
MN,2020-02-27,0,0,0,,0,
MN,2020-02-28,0,0,0,,0,
MN,2020-02-29,0,0,0,,0,
MN,2020-03-01,0,0,0,,0,
MN,2020-03-02,0,0,0,,0,
MN,2020-03-03,0,0,0,,0,
MN,2020-03-04,0,0,0,,0,
MN,2020-03-05,0,0,0,,0,
MN,2020-03-06,1,0,1,,0,
MN,2020-03-07,1,0,0,0.0,0,
MN,2020-03-08,1,0,0,0.0,0,
MN,2020-03-09,2,0,1,100.0,0,
MN,2020-03-10,3,0,1,50.0,0,
MN,2020-03-11,5,0,2,66.7,0,
MN,2020-03-12,9,0,4,80.0,0,
MN,2020-03-13,14,0,5,55.6,0,
MN,2020-03-14,21,0,7,50.0,0,
MN,2020-03-15,35,0,14,66.7,0,
MN,2020-03-16,54,0,19,54.3,0,
MN,2020-03-17,60,0,6,11.1,0,
MN,2020-03-18,77,0,17,28.3,0,
MN,2020-03-19,89,0,12,15.6,0,
MN,2020-03-20,115,0,26,29.2,0,
MN,2020-03-21,138,1,23,20.0,1,
MN,2020-03-22,169,1,31,22.5,0,0.0
MS,2020-01-22,0,0,0,,0,
MS,2020-01-23,0,0,0,,0,
MS,2020-01-24,0,0,0,,0,
MS,2020-01-25,0,0,0,,0,
MS,2020-01-26,0,0,0,,0,
MS,2020-01-27,0,0,0,,0,
MS,2020-01-28,0,0,0,,0,
MS,2020-01-29,0,0,0,,0,
MS,2020-01-30,0,0,0,,0,
MS,2020-01-31,0,0,0,,0,
MS,2020-02-01,0,0,0,,0,
MS,2020-02-02,0,0,0,,0,
MS,2020-02-03,0,0,0,,0,
MS,2020-02-04,0,0,0,,0,
MS,2020-02-05,0,0,0,,0,
MS,2020-02-06,0,0,0,,0,
MS,2020-02-07,0,0,0,,0,
MS,2020-02-08,0,0,0,,0,
MS,2020-02-09,0,0,0,,0,
MS,2020-02-10,0,0,0,,0,
MS,2020-02-11,0,0,0,,0,
MS,2020-02-12,0,0,0,,0,
MS,2020-02-13,0,0,0,,0,
MS,2020-02-14,0,0,0,,0,
MS,2020-02-15,0,0,0,,0,
MS,2020-02-16,0,0,0,,0,
MS,2020-02-17,0,0,0,,0,
MS,2020-02-18,0,0,0,,0,
MS,2020-02-19,0,0,0,,0,
MS,2020-02-20,0,0,0,,0,
MS,2020-02-21,0,0,0,,0,
MS,2020-02-22,0,0,0,,0,
MS,2020-02-23,0,0,0,,0,
MS,2020-02-24,0,0,0,,0,
MS,2020-02-25,0,0,0,,0,
MS,2020-02-26,0,0,0,,0,
MS,2020-02-27,0,0,0,,0,
MS,2020-02-28,0,0,0,,0,
MS,2020-02-29,0,0,0,,0,
MS,2020-03-01,0,0,0,,0,
MS,2020-03-02,0,0,0,,0,
MS,2020-03-03,0,0,0,,0,
MS,2020-03-04,0,0,0,,0,
MS,2020-03-05,0,0,0,,0,
MS,2020-03-06,0,0,0,,0,
MS,2020-03-07,0,0,0,,0,
MS,2020-03-08,0,0,0,,0,
MS,2020-03-09,0,0,0,,0,
MS,2020-03-10,0,0,0,,0,
MS,2020-03-11,0,0,0,,0,
MS,2020-03-12,1,0,1,,0,
MS,2020-03-13,1,0,0,0.0,0,
MS,2020-03-14,6,0,5,500.0,0,
MS,2020-03-15,10,0,4,66.7,0,
MS,2020-03-16,13,0,3,30.0,0,
MS,2020-03-17,21,0,8,61.5,0,
MS,2020-03-18,34,0,13,61.9,0,
MS,2020-03-19,50,1,16,47.1,1,
MS,2020-03-20,80,1,30,60.0,0,0.0
MS,2020-03-21,140,1,60,75.0,0,0.0
MS,2020-03-22,207,1,67,47.9,0,0.0
MO,2020-01-22,0,0,0,,0,
MO,2020-01-23,0,0,0,,0,
MO,2020-01-24,0,0,0,,0,
MO,2020-01-25,0,0,0,,0,
MO,2020-01-26,0,0,0,,0,
MO,2020-01-27,0,0,0,,0,
MO,2020-01-28,0,0,0,,0,
MO,2020-01-29,0,0,0,,0,
MO,2020-01-30,0,0,0,,0,
MO,2020-01-31,0,0,0,,0,
MO,2020-02-01,0,0,0,,0,
MO,2020-02-02,0,0,0,,0,
MO,2020-02-03,0,0,0,,0,
MO,2020-02-04,0,0,0,,0,
MO,2020-02-05,0,0,0,,0,
MO,2020-02-06,0,0,0,,0,
MO,2020-02-07,0,0,0,,0,
MO,2020-02-08,0,0,0,,0,
MO,2020-02-09,0,0,0,,0,
MO,2020-02-10,0,0,0,,0,
MO,2020-02-11,0,0,0,,0,
MO,2020-02-12,0,0,0,,0,
MO,2020-02-13,0,0,0,,0,
MO,2020-02-14,0,0,0,,0,
MO,2020-02-15,0,0,0,,0,
MO,2020-02-16,0,0,0,,0,
MO,2020-02-17,0,0,0,,0,
MO,2020-02-18,0,0,0,,0,
MO,2020-02-19,0,0,0,,0,
MO,2020-02-20,0,0,0,,0,
MO,2020-02-21,0,0,0,,0,
MO,2020-02-22,0,0,0,,0,
MO,2020-02-23,0,0,0,,0,
MO,2020-02-24,0,0,0,,0,
MO,2020-02-25,0,0,0,,0,
MO,2020-02-26,0,0,0,,0,
MO,2020-02-27,0,0,0,,0,
MO,2020-02-28,0,0,0,,0,
MO,2020-02-29,0,0,0,,0,
MO,2020-03-01,0,0,0,,0,
MO,2020-03-02,0,0,0,,0,
MO,2020-03-03,0,0,0,,0,
MO,2020-03-04,0,0,0,,0,
MO,2020-03-05,0,0,0,,0,
MO,2020-03-06,0,0,0,,0,
MO,2020-03-07,0,0,0,,0,
MO,2020-03-08,1,0,1,,0,
MO,2020-03-09,1,0,0,0.0,0,
MO,2020-03-10,1,0,0,0.0,0,
MO,2020-03-11,1,0,0,0.0,0,
MO,2020-03-12,1,0,0,0.0,0,
MO,2020-03-13,2,0,1,100.0,0,
MO,2020-03-14,4,0,2,100.0,0,
MO,2020-03-15,5,0,1,25.0,0,
MO,2020-03-16,6,0,1,20.0,0,
MO,2020-03-17,11,0,5,83.3,0,
MO,2020-03-18,18,0,7,63.6,0,
MO,2020-03-19,31,1,13,72.2,1,
MO,2020-03-20,53,2,22,71.0,1,100.0
MO,2020-03-21,74,3,21,39.6,1,50.0
MO,2020-03-22,100,3,26,35.1,0,0.0
MT,2020-01-22,0,0,0,,0,
MT,2020-01-23,0,0,0,,0,
MT,2020-01-24,0,0,0,,0,
MT,2020-01-25,0,0,0,,0,
MT,2020-01-26,0,0,0,,0,
MT,2020-01-27,0,0,0,,0,
MT,2020-01-28,0,0,0,,0,
MT,2020-01-29,0,0,0,,0,
MT,2020-01-30,0,0,0,,0,
MT,2020-01-31,0,0,0,,0,
MT,2020-02-01,0,0,0,,0,
MT,2020-02-02,0,0,0,,0,
MT,2020-02-03,0,0,0,,0,
MT,2020-02-04,0,0,0,,0,
MT,2020-02-05,0,0,0,,0,
MT,2020-02-06,0,0,0,,0,
MT,2020-02-07,0,0,0,,0,
MT,2020-02-08,0,0,0,,0,
MT,2020-02-09,0,0,0,,0,
MT,2020-02-10,0,0,0,,0,
MT,2020-02-11,0,0,0,,0,
MT,2020-02-12,0,0,0,,0,
MT,2020-02-13,0,0,0,,0,
MT,2020-02-14,0,0,0,,0,
MT,2020-02-15,0,0,0,,0,
MT,2020-02-16,0,0,0,,0,
MT,2020-02-17,0,0,0,,0,
MT,2020-02-18,0,0,0,,0,
MT,2020-02-19,0,0,0,,0,
MT,2020-02-20,0,0,0,,0,
MT,2020-02-21,0,0,0,,0,
MT,2020-02-22,0,0,0,,0,
MT,2020-02-23,0,0,0,,0,
MT,2020-02-24,0,0,0,,0,
MT,2020-02-25,0,0,0,,0,
MT,2020-02-26,0,0,0,,0,
MT,2020-02-27,0,0,0,,0,
MT,2020-02-28,0,0,0,,0,
MT,2020-02-29,0,0,0,,0,
MT,2020-03-01,0,0,0,,0,
MT,2020-03-02,0,0,0,,0,
MT,2020-03-03,0,0,0,,0,
MT,2020-03-04,0,0,0,,0,
MT,2020-03-05,0,0,0,,0,
MT,2020-03-06,0,0,0,,0,
MT,2020-03-07,0,0,0,,0,
MT,2020-03-08,0,0,0,,0,
MT,2020-03-09,0,0,0,,0,
MT,2020-03-10,0,0,0,,0,
MT,2020-03-11,1,0,1,,0,
MT,2020-03-12,1,0,0,0.0,0,
MT,2020-03-13,1,0,0,0.0,0,
MT,2020-03-14,5,0,4,400.0,0,
MT,2020-03-15,7,0,2,40.0,0,
MT,2020-03-16,7,0,0,0.0,0,
MT,2020-03-17,9,0,2,28.6,0,
MT,2020-03-18,11,0,2,22.2,0,
MT,2020-03-19,11,0,0,0.0,0,
MT,2020-03-20,15,0,4,36.4,0,
MT,2020-03-21,21,0,6,40.0,0,
MT,2020-03-22,31,0,10,47.6,0,
NE,2020-01-22,0,0,0,,0,
NE,2020-01-23,0,0,0,,0,
NE,2020-01-24,0,0,0,,0,
NE,2020-01-25,0,0,0,,0,
NE,2020-01-26,0,0,0,,0,
NE,2020-01-27,0,0,0,,0,
NE,2020-01-28,0,0,0,,0,
NE,2020-01-29,0,0,0,,0,
NE,2020-01-30,0,0,0,,0,
NE,2020-01-31,0,0,0,,0,
NE,2020-02-01,0,0,0,,0,
NE,2020-02-02,0,0,0,,0,
NE,2020-02-03,0,0,0,,0,
NE,2020-02-04,0,0,0,,0,
NE,2020-02-05,0,0,0,,0,
NE,2020-02-06,0,0,0,,0,
NE,2020-02-07,0,0,0,,0,
NE,2020-02-08,0,0,0,,0,
NE,2020-02-09,0,0,0,,0,
NE,2020-02-10,0,0,0,,0,
NE,2020-02-11,0,0,0,,0,
NE,2020-02-12,0,0,0,,0,
NE,2020-02-13,0,0,0,,0,
NE,2020-02-14,0,0,0,,0,
NE,2020-02-15,0,0,0,,0,
NE,2020-02-16,0,0,0,,0,
NE,2020-02-17,0,0,0,,0,
NE,2020-02-18,0,0,0,,0,
NE,2020-02-19,0,0,0,,0,
NE,2020-02-20,0,0,0,,0,
NE,2020-02-21,0,0,0,,0,
NE,2020-02-22,0,0,0,,0,
NE,2020-02-23,0,0,0,,0,
NE,2020-02-24,0,0,0,,0,
NE,2020-02-25,0,0,0,,0,
NE,2020-02-26,0,0,0,,0,
NE,2020-02-27,0,0,0,,0,
NE,2020-02-28,0,0,0,,0,
NE,2020-02-29,0,0,0,,0,
NE,2020-03-01,0,0,0,,0,
NE,2020-03-02,0,0,0,,0,
NE,2020-03-03,0,0,0,,0,
NE,2020-03-04,0,0,0,,0,
NE,2020-03-05,0,0,0,,0,
NE,2020-03-06,1,0,1,,0,
NE,2020-03-07,1,0,0,0.0,0,
NE,2020-03-08,1,0,0,0.0,0,
NE,2020-03-09,3,0,2,200.0,0,
NE,2020-03-10,3,0,0,0.0,0,
NE,2020-03-11,5,0,2,66.7,0,
NE,2020-03-12,10,0,5,100.0,0,
NE,2020-03-13,13,0,3,30.0,0,
NE,2020-03-14,14,0,1,7.7,0,
NE,2020-03-15,17,0,3,21.4,0,
NE,2020-03-16,18,0,1,5.9,0,
NE,2020-03-17,21,0,3,16.7,0,
NE,2020-03-18,24,0,3,14.3,0,
NE,2020-03-19,29,0,5,20.8,0,
NE,2020-03-20,37,0,8,27.6,0,
NE,2020-03-21,38,0,1,2.7,0,
NE,2020-03-22,51,0,13,34.2,0,
NV,2020-01-22,0,0,0,,0,
NV,2020-01-23,0,0,0,,0,
NV,2020-01-24,0,0,0,,0,
NV,2020-01-25,0,0,0,,0,
NV,2020-01-26,0,0,0,,0,
NV,2020-01-27,0,0,0,,0,
NV,2020-01-28,0,0,0,,0,
NV,2020-01-29,0,0,0,,0,
NV,2020-01-30,0,0,0,,0,
NV,2020-01-31,0,0,0,,0,
NV,2020-02-01,0,0,0,,0,
NV,2020-02-02,0,0,0,,0,
NV,2020-02-03,0,0,0,,0,
NV,2020-02-04,0,0,0,,0,
NV,2020-02-05,0,0,0,,0,
NV,2020-02-06,0,0,0,,0,
NV,2020-02-07,0,0,0,,0,
NV,2020-02-08,0,0,0,,0,
NV,2020-02-09,0,0,0,,0,
NV,2020-02-10,0,0,0,,0,
NV,2020-02-11,0,0,0,,0,
NV,2020-02-12,0,0,0,,0,
NV,2020-02-13,0,0,0,,0,
NV,2020-02-14,0,0,0,,0,
NV,2020-02-15,0,0,0,,0,
NV,2020-02-16,0,0,0,,0,
NV,2020-02-17,0,0,0,,0,
NV,2020-02-18,0,0,0,,0,
NV,2020-02-19,0,0,0,,0,
NV,2020-02-20,0,0,0,,0,
NV,2020-02-21,0,0,0,,0,
NV,2020-02-22,0,0,0,,0,
NV,2020-02-23,0,0,0,,0,
NV,2020-02-24,0,0,0,,0,
NV,2020-02-25,0,0,0,,0,
NV,2020-02-26,0,0,0,,0,
NV,2020-02-27,0,0,0,,0,
NV,2020-02-28,0,0,0,,0,
NV,2020-02-29,0,0,0,,0,
NV,2020-03-01,0,0,0,,0,
NV,2020-03-02,0,0,0,,0,
NV,2020-03-03,0,0,0,,0,
NV,2020-03-04,0,0,0,,0,
NV,2020-03-05,1,0,1,,0,
NV,2020-03-06,2,0,1,100.0,0,
NV,2020-03-07,2,0,0,0.0,0,
NV,2020-03-08,4,0,2,100.0,0,
NV,2020-03-09,4,0,0,0.0,0,
NV,2020-03-10,4,0,0,0.0,0,
NV,2020-03-11,7,0,3,75.0,0,
NV,2020-03-12,14,0,7,100.0,0,
NV,2020-03-13,17,0,3,21.4,0,
NV,2020-03-14,21,0,4,23.5,0,
NV,2020-03-15,24,0,3,14.3,0,
NV,2020-03-16,45,1,21,87.5,1,
NV,2020-03-17,56,1,11,24.4,0,0.0
NV,2020-03-18,55,1,-1,-1.8,0,0.0
NV,2020-03-19,95,1,40,72.7,0,0.0
NV,2020-03-20,114,1,19,20.0,0,0.0
NV,2020-03-21,161,2,47,41.2,1,100.0
NV,2020-03-22,190,2,29,18.0,0,0.0
NH,2020-01-22,0,0,0,,0,
NH,2020-01-23,0,0,0,,0,
NH,2020-01-24,0,0,0,,0,
NH,2020-01-25,0,0,0,,0,
NH,2020-01-26,0,0,0,,0,
NH,2020-01-27,0,0,0,,0,
NH,2020-01-28,0,0,0,,0,
NH,2020-01-29,0,0,0,,0,
NH,2020-01-30,0,0,0,,0,
NH,2020-01-31,0,0,0,,0,
NH,2020-02-01,0,0,0,,0,
NH,2020-02-02,0,0,0,,0,
NH,2020-02-03,0,0,0,,0,
NH,2020-02-04,0,0,0,,0,
NH,2020-02-05,0,0,0,,0,
NH,2020-02-06,0,0,0,,0,
NH,2020-02-07,0,0,0,,0,
NH,2020-02-08,0,0,0,,0,
NH,2020-02-09,0,0,0,,0,
NH,2020-02-10,0,0,0,,0,
NH,2020-02-11,0,0,0,,0,
NH,2020-02-12,0,0,0,,0,
NH,2020-02-13,0,0,0,,0,
NH,2020-02-14,0,0,0,,0,
NH,2020-02-15,0,0,0,,0,
NH,2020-02-16,0,0,0,,0,
NH,2020-02-17,0,0,0,,0,
NH,2020-02-18,0,0,0,,0,
NH,2020-02-19,0,0,0,,0,
NH,2020-02-20,0,0,0,,0,
NH,2020-02-21,0,0,0,,0,
NH,2020-02-22,0,0,0,,0,
NH,2020-02-23,0,0,0,,0,
NH,2020-02-24,0,0,0,,0,
NH,2020-02-25,0,0,0,,0,
NH,2020-02-26,0,0,0,,0,
NH,2020-02-27,0,0,0,,0,
NH,2020-02-28,0,0,0,,0,
NH,2020-02-29,0,0,0,,0,
NH,2020-03-01,0,0,0,,0,
NH,2020-03-02,1,0,1,,0,
NH,2020-03-03,2,0,1,100.0,0,
NH,2020-03-04,2,0,0,0.0,0,
NH,2020-03-05,2,0,0,0.0,0,
NH,2020-03-06,2,0,0,0.0,0,
NH,2020-03-07,2,0,0,0.0,0,
NH,2020-03-08,4,0,2,100.0,0,
NH,2020-03-09,4,0,0,0.0,0,
NH,2020-03-10,4,0,0,0.0,0,
NH,2020-03-11,5,0,1,25.0,0,
NH,2020-03-12,6,0,1,20.0,0,
NH,2020-03-13,6,0,0,0.0,0,
NH,2020-03-14,7,0,1,16.7,0,
NH,2020-03-15,13,0,6,85.7,0,
NH,2020-03-16,17,0,4,30.8,0,
NH,2020-03-17,26,0,9,52.9,0,
NH,2020-03-18,26,0,0,0.0,0,
NH,2020-03-19,44,0,18,69.2,0,
NH,2020-03-20,44,0,0,0.0,0,
NH,2020-03-21,55,0,11,25.0,0,
NH,2020-03-22,65,0,10,18.2,0,
NJ,2020-01-22,0,0,0,,0,
NJ,2020-01-23,0,0,0,,0,
NJ,2020-01-24,0,0,0,,0,
NJ,2020-01-25,0,0,0,,0,
NJ,2020-01-26,0,0,0,,0,
NJ,2020-01-27,0,0,0,,0,
NJ,2020-01-28,0,0,0,,0,
NJ,2020-01-29,0,0,0,,0,
NJ,2020-01-30,0,0,0,,0,
NJ,2020-01-31,0,0,0,,0,
NJ,2020-02-01,0,0,0,,0,
NJ,2020-02-02,0,0,0,,0,
NJ,2020-02-03,0,0,0,,0,
NJ,2020-02-04,0,0,0,,0,
NJ,2020-02-05,0,0,0,,0,
NJ,2020-02-06,0,0,0,,0,
NJ,2020-02-07,0,0,0,,0,
NJ,2020-02-08,0,0,0,,0,
NJ,2020-02-09,0,0,0,,0,
NJ,2020-02-10,0,0,0,,0,
NJ,2020-02-11,0,0,0,,0,
NJ,2020-02-12,0,0,0,,0,
NJ,2020-02-13,0,0,0,,0,
NJ,2020-02-14,0,0,0,,0,
NJ,2020-02-15,0,0,0,,0,
NJ,2020-02-16,0,0,0,,0,
NJ,2020-02-17,0,0,0,,0,
NJ,2020-02-18,0,0,0,,0,
NJ,2020-02-19,0,0,0,,0,
NJ,2020-02-20,0,0,0,,0,
NJ,2020-02-21,0,0,0,,0,
NJ,2020-02-22,0,0,0,,0,
NJ,2020-02-23,0,0,0,,0,
NJ,2020-02-24,0,0,0,,0,
NJ,2020-02-25,0,0,0,,0,
NJ,2020-02-26,0,0,0,,0,
NJ,2020-02-27,0,0,0,,0,
NJ,2020-02-28,0,0,0,,0,
NJ,2020-02-29,0,0,0,,0,
NJ,2020-03-01,0,0,0,,0,
NJ,2020-03-02,0,0,0,,0,
NJ,2020-03-03,0,0,0,,0,
NJ,2020-03-04,0,0,0,,0,
NJ,2020-03-05,2,0,2,,0,
NJ,2020-03-06,2,0,0,0.0,0,
NJ,2020-03-07,4,0,2,100.0,0,
NJ,2020-03-08,5,0,1,25.0,0,
NJ,2020-03-09,5,0,0,0.0,0,
NJ,2020-03-10,15,1,10,200.0,1,
NJ,2020-03-11,23,1,8,53.3,0,0.0
NJ,2020-03-12,29,1,6,26.1,0,0.0
NJ,2020-03-13,29,1,0,0.0,0,0.0
NJ,2020-03-14,69,1,40,137.9,0,0.0
NJ,2020-03-15,98,2,29,42.0,1,100.0
NJ,2020-03-16,178,2,80,81.6,0,0.0
NJ,2020-03-17,267,3,89,50.0,1,50.0
NJ,2020-03-18,267,3,0,0.0,0,0.0
NJ,2020-03-19,742,9,475,177.9,6,200.0
NJ,2020-03-20,890,11,148,19.9,2,22.2
NJ,2020-03-21,1327,16,437,49.1,5,45.5
NJ,2020-03-22,1914,20,587,44.2,4,25.0
NM,2020-01-22,0,0,0,,0,
NM,2020-01-23,0,0,0,,0,
NM,2020-01-24,0,0,0,,0,
NM,2020-01-25,0,0,0,,0,
NM,2020-01-26,0,0,0,,0,
NM,2020-01-27,0,0,0,,0,
NM,2020-01-28,0,0,0,,0,
NM,2020-01-29,0,0,0,,0,
NM,2020-01-30,0,0,0,,0,
NM,2020-01-31,0,0,0,,0,
NM,2020-02-01,0,0,0,,0,
NM,2020-02-02,0,0,0,,0,
NM,2020-02-03,0,0,0,,0,
NM,2020-02-04,0,0,0,,0,
NM,2020-02-05,0,0,0,,0,
NM,2020-02-06,0,0,0,,0,
NM,2020-02-07,0,0,0,,0,
NM,2020-02-08,0,0,0,,0,
NM,2020-02-09,0,0,0,,0,
NM,2020-02-10,0,0,0,,0,
NM,2020-02-11,0,0,0,,0,
NM,2020-02-12,0,0,0,,0,
NM,2020-02-13,0,0,0,,0,
NM,2020-02-14,0,0,0,,0,
NM,2020-02-15,0,0,0,,0,
NM,2020-02-16,0,0,0,,0,
NM,2020-02-17,0,0,0,,0,
NM,2020-02-18,0,0,0,,0,
NM,2020-02-19,0,0,0,,0,
NM,2020-02-20,0,0,0,,0,
NM,2020-02-21,0,0,0,,0,
NM,2020-02-22,0,0,0,,0,
NM,2020-02-23,0,0,0,,0,
NM,2020-02-24,0,0,0,,0,
NM,2020-02-25,0,0,0,,0,
NM,2020-02-26,0,0,0,,0,
NM,2020-02-27,0,0,0,,0,
NM,2020-02-28,0,0,0,,0,
NM,2020-02-29,0,0,0,,0,
NM,2020-03-01,0,0,0,,0,
NM,2020-03-02,0,0,0,,0,
NM,2020-03-03,0,0,0,,0,
NM,2020-03-04,0,0,0,,0,
NM,2020-03-05,0,0,0,,0,
NM,2020-03-06,0,0,0,,0,
NM,2020-03-07,0,0,0,,0,
NM,2020-03-08,0,0,0,,0,
NM,2020-03-09,0,0,0,,0,
NM,2020-03-10,0,0,0,,0,
NM,2020-03-11,3,0,3,,0,
NM,2020-03-12,5,0,2,66.7,0,
NM,2020-03-13,10,0,5,100.0,0,
NM,2020-03-14,10,0,0,0.0,0,
NM,2020-03-15,13,0,3,30.0,0,
NM,2020-03-16,17,0,4,30.8,0,
NM,2020-03-17,23,0,6,35.3,0,
NM,2020-03-18,23,0,0,0.0,0,
NM,2020-03-19,35,0,12,52.2,0,
NM,2020-03-20,43,0,8,22.9,0,
NM,2020-03-21,43,0,0,0.0,0,
NM,2020-03-22,57,0,14,32.6,0,
NY,2020-01-22,0,0,0,,0,
NY,2020-01-23,0,0,0,,0,
NY,2020-01-24,0,0,0,,0,
NY,2020-01-25,0,0,0,,0,
NY,2020-01-26,0,0,0,,0,
NY,2020-01-27,0,0,0,,0,
NY,2020-01-28,0,0,0,,0,
NY,2020-01-29,0,0,0,,0,
NY,2020-01-30,0,0,0,,0,
NY,2020-01-31,0,0,0,,0,
NY,2020-02-01,0,0,0,,0,
NY,2020-02-02,0,0,0,,0,
NY,2020-02-03,0,0,0,,0,
NY,2020-02-04,0,0,0,,0,
NY,2020-02-05,0,0,0,,0,
NY,2020-02-06,0,0,0,,0,
NY,2020-02-07,0,0,0,,0,
NY,2020-02-08,0,0,0,,0,
NY,2020-02-09,0,0,0,,0,
NY,2020-02-10,0,0,0,,0,
NY,2020-02-11,0,0,0,,0,
NY,2020-02-12,0,0,0,,0,
NY,2020-02-13,0,0,0,,0,
NY,2020-02-14,0,0,0,,0,
NY,2020-02-15,0,0,0,,0,
NY,2020-02-16,0,0,0,,0,
NY,2020-02-17,0,0,0,,0,
NY,2020-02-18,0,0,0,,0,
NY,2020-02-19,0,0,0,,0,
NY,2020-02-20,0,0,0,,0,
NY,2020-02-21,0,0,0,,0,
NY,2020-02-22,0,0,0,,0,
NY,2020-02-23,0,0,0,,0,
NY,2020-02-24,0,0,0,,0,
NY,2020-02-25,0,0,0,,0,
NY,2020-02-26,0,0,0,,0,
NY,2020-02-27,0,0,0,,0,
NY,2020-02-28,0,0,0,,0,
NY,2020-02-29,0,0,0,,0,
NY,2020-03-01,0,0,0,,0,
NY,2020-03-02,1,0,1,,0,
NY,2020-03-03,2,0,1,100.0,0,
NY,2020-03-04,11,0,9,450.0,0,
NY,2020-03-05,23,0,12,109.1,0,
NY,2020-03-06,31,0,8,34.8,0,
NY,2020-03-07,76,0,45,145.2,0,
NY,2020-03-08,106,0,30,39.5,0,
NY,2020-03-09,142,0,36,34.0,0,
NY,2020-03-10,173,0,31,21.8,0,
NY,2020-03-11,220,0,47,27.2,0,
NY,2020-03-12,328,0,108,49.1,0,
NY,2020-03-13,421,0,93,28.4,0,
NY,2020-03-14,525,2,104,24.7,2,
NY,2020-03-15,732,3,207,39.4,1,50.0
NY,2020-03-16,967,10,235,32.1,7,233.3
NY,2020-03-17,1706,13,739,76.4,3,30.0
NY,2020-03-18,2495,16,789,46.2,3,23.1
NY,2020-03-19,5365,34,2870,115.0,18,112.5
NY,2020-03-20,8310,42,2945,54.9,8,23.5
NY,2020-03-21,11710,60,3400,40.9,18,42.9
NY,2020-03-22,15793,117,4083,34.9,57,95.0
NC,2020-01-22,0,0,0,,0,
NC,2020-01-23,0,0,0,,0,
NC,2020-01-24,0,0,0,,0,
NC,2020-01-25,0,0,0,,0,
NC,2020-01-26,0,0,0,,0,
NC,2020-01-27,0,0,0,,0,
NC,2020-01-28,0,0,0,,0,
NC,2020-01-29,0,0,0,,0,
NC,2020-01-30,0,0,0,,0,
NC,2020-01-31,0,0,0,,0,
NC,2020-02-01,0,0,0,,0,
NC,2020-02-02,0,0,0,,0,
NC,2020-02-03,0,0,0,,0,
NC,2020-02-04,0,0,0,,0,
NC,2020-02-05,0,0,0,,0,
NC,2020-02-06,0,0,0,,0,
NC,2020-02-07,0,0,0,,0,
NC,2020-02-08,0,0,0,,0,
NC,2020-02-09,0,0,0,,0,
NC,2020-02-10,0,0,0,,0,
NC,2020-02-11,0,0,0,,0,
NC,2020-02-12,0,0,0,,0,
NC,2020-02-13,0,0,0,,0,
NC,2020-02-14,0,0,0,,0,
NC,2020-02-15,0,0,0,,0,
NC,2020-02-16,0,0,0,,0,
NC,2020-02-17,0,0,0,,0,
NC,2020-02-18,0,0,0,,0,
NC,2020-02-19,0,0,0,,0,
NC,2020-02-20,0,0,0,,0,
NC,2020-02-21,0,0,0,,0,
NC,2020-02-22,0,0,0,,0,
NC,2020-02-23,0,0,0,,0,
NC,2020-02-24,0,0,0,,0,
NC,2020-02-25,0,0,0,,0,
NC,2020-02-26,0,0,0,,0,
NC,2020-02-27,0,0,0,,0,
NC,2020-02-28,0,0,0,,0,
NC,2020-02-29,0,0,0,,0,
NC,2020-03-01,0,0,0,,0,
NC,2020-03-02,0,0,0,,0,
NC,2020-03-03,1,0,1,,0,
NC,2020-03-04,1,0,0,0.0,0,
NC,2020-03-05,1,0,0,0.0,0,
NC,2020-03-06,2,0,1,100.0,0,
NC,2020-03-07,2,0,0,0.0,0,
NC,2020-03-08,2,0,0,0.0,0,
NC,2020-03-09,2,0,0,0.0,0,
NC,2020-03-10,7,0,5,250.0,0,
NC,2020-03-11,7,0,0,0.0,0,
NC,2020-03-12,15,0,8,114.3,0,
NC,2020-03-13,17,0,2,13.3,0,
NC,2020-03-14,24,0,7,41.2,0,
NC,2020-03-15,33,0,9,37.5,0,
NC,2020-03-16,38,0,5,15.2,0,
NC,2020-03-17,64,0,26,68.4,0,
NC,2020-03-18,70,0,6,9.4,0,
NC,2020-03-19,123,0,53,75.7,0,
NC,2020-03-20,172,0,49,39.8,0,
NC,2020-03-21,253,0,81,47.1,0,
NC,2020-03-22,302,0,49,19.4,0,
ND,2020-01-22,0,0,0,,0,
ND,2020-01-23,0,0,0,,0,
ND,2020-01-24,0,0,0,,0,
ND,2020-01-25,0,0,0,,0,
ND,2020-01-26,0,0,0,,0,
ND,2020-01-27,0,0,0,,0,
ND,2020-01-28,0,0,0,,0,
ND,2020-01-29,0,0,0,,0,
ND,2020-01-30,0,0,0,,0,
ND,2020-01-31,0,0,0,,0,
ND,2020-02-01,0,0,0,,0,
ND,2020-02-02,0,0,0,,0,
ND,2020-02-03,0,0,0,,0,
ND,2020-02-04,0,0,0,,0,
ND,2020-02-05,0,0,0,,0,
ND,2020-02-06,0,0,0,,0,
ND,2020-02-07,0,0,0,,0,
ND,2020-02-08,0,0,0,,0,
ND,2020-02-09,0,0,0,,0,
ND,2020-02-10,0,0,0,,0,
ND,2020-02-11,0,0,0,,0,
ND,2020-02-12,0,0,0,,0,
ND,2020-02-13,0,0,0,,0,
ND,2020-02-14,0,0,0,,0,
ND,2020-02-15,0,0,0,,0,
ND,2020-02-16,0,0,0,,0,
ND,2020-02-17,0,0,0,,0,
ND,2020-02-18,0,0,0,,0,
ND,2020-02-19,0,0,0,,0,
ND,2020-02-20,0,0,0,,0,
ND,2020-02-21,0,0,0,,0,
ND,2020-02-22,0,0,0,,0,
ND,2020-02-23,0,0,0,,0,
ND,2020-02-24,0,0,0,,0,
ND,2020-02-25,0,0,0,,0,
ND,2020-02-26,0,0,0,,0,
ND,2020-02-27,0,0,0,,0,
ND,2020-02-28,0,0,0,,0,
ND,2020-02-29,0,0,0,,0,
ND,2020-03-01,0,0,0,,0,
ND,2020-03-02,0,0,0,,0,
ND,2020-03-03,0,0,0,,0,
ND,2020-03-04,0,0,0,,0,
ND,2020-03-05,0,0,0,,0,
ND,2020-03-06,0,0,0,,0,
ND,2020-03-07,0,0,0,,0,
ND,2020-03-08,0,0,0,,0,
ND,2020-03-09,0,0,0,,0,
ND,2020-03-10,0,0,0,,0,
ND,2020-03-11,0,0,0,,0,
ND,2020-03-12,1,0,1,,0,
ND,2020-03-13,1,0,0,0.0,0,
ND,2020-03-14,1,0,0,0.0,0,
ND,2020-03-15,1,0,0,0.0,0,
ND,2020-03-16,1,0,0,0.0,0,
ND,2020-03-17,3,0,2,200.0,0,
ND,2020-03-18,6,0,3,100.0,0,
ND,2020-03-19,18,0,12,200.0,0,
ND,2020-03-20,19,0,1,5.6,0,
ND,2020-03-21,28,0,9,47.4,0,
ND,2020-03-22,28,0,0,0.0,0,
OH,2020-01-22,0,0,0,,0,
OH,2020-01-23,0,0,0,,0,
OH,2020-01-24,0,0,0,,0,
OH,2020-01-25,0,0,0,,0,
OH,2020-01-26,0,0,0,,0,
OH,2020-01-27,0,0,0,,0,
OH,2020-01-28,0,0,0,,0,
OH,2020-01-29,0,0,0,,0,
OH,2020-01-30,0,0,0,,0,
OH,2020-01-31,0,0,0,,0,
OH,2020-02-01,0,0,0,,0,
OH,2020-02-02,0,0,0,,0,
OH,2020-02-03,0,0,0,,0,
OH,2020-02-04,0,0,0,,0,
OH,2020-02-05,0,0,0,,0,
OH,2020-02-06,0,0,0,,0,
OH,2020-02-07,0,0,0,,0,
OH,2020-02-08,0,0,0,,0,
OH,2020-02-09,0,0,0,,0,
OH,2020-02-10,0,0,0,,0,
OH,2020-02-11,0,0,0,,0,
OH,2020-02-12,0,0,0,,0,
OH,2020-02-13,0,0,0,,0,
OH,2020-02-14,0,0,0,,0,
OH,2020-02-15,0,0,0,,0,
OH,2020-02-16,0,0,0,,0,
OH,2020-02-17,0,0,0,,0,
OH,2020-02-18,0,0,0,,0,
OH,2020-02-19,0,0,0,,0,
OH,2020-02-20,0,0,0,,0,
OH,2020-02-21,0,0,0,,0,
OH,2020-02-22,0,0,0,,0,
OH,2020-02-23,0,0,0,,0,
OH,2020-02-24,0,0,0,,0,
OH,2020-02-25,0,0,0,,0,
OH,2020-02-26,0,0,0,,0,
OH,2020-02-27,0,0,0,,0,
OH,2020-02-28,0,0,0,,0,
OH,2020-02-29,0,0,0,,0,
OH,2020-03-01,0,0,0,,0,
OH,2020-03-02,0,0,0,,0,
OH,2020-03-03,0,0,0,,0,
OH,2020-03-04,0,0,0,,0,
OH,2020-03-05,0,0,0,,0,
OH,2020-03-06,0,0,0,,0,
OH,2020-03-07,0,0,0,,0,
OH,2020-03-08,0,0,0,,0,
OH,2020-03-09,0,0,0,,0,
OH,2020-03-10,3,0,3,,0,
OH,2020-03-11,4,0,1,33.3,0,
OH,2020-03-12,5,0,1,25.0,0,
OH,2020-03-13,13,0,8,160.0,0,
OH,2020-03-14,26,0,13,100.0,0,
OH,2020-03-15,37,0,11,42.3,0,
OH,2020-03-16,50,0,13,35.1,0,
OH,2020-03-17,67,0,17,34.0,0,
OH,2020-03-18,86,0,19,28.4,0,
OH,2020-03-19,119,0,33,38.4,0,
OH,2020-03-20,173,2,54,45.4,2,
OH,2020-03-21,248,3,75,43.4,1,50.0
OH,2020-03-22,355,3,107,43.1,0,0.0
OK,2020-01-22,0,0,0,,0,
OK,2020-01-23,0,0,0,,0,
OK,2020-01-24,0,0,0,,0,
OK,2020-01-25,0,0,0,,0,
OK,2020-01-26,0,0,0,,0,
OK,2020-01-27,0,0,0,,0,
OK,2020-01-28,0,0,0,,0,
OK,2020-01-29,0,0,0,,0,
OK,2020-01-30,0,0,0,,0,
OK,2020-01-31,0,0,0,,0,
OK,2020-02-01,0,0,0,,0,
OK,2020-02-02,0,0,0,,0,
OK,2020-02-03,0,0,0,,0,
OK,2020-02-04,0,0,0,,0,
OK,2020-02-05,0,0,0,,0,
OK,2020-02-06,0,0,0,,0,
OK,2020-02-07,0,0,0,,0,
OK,2020-02-08,0,0,0,,0,
OK,2020-02-09,0,0,0,,0,
OK,2020-02-10,0,0,0,,0,
OK,2020-02-11,0,0,0,,0,
OK,2020-02-12,0,0,0,,0,
OK,2020-02-13,0,0,0,,0,
OK,2020-02-14,0,0,0,,0,
OK,2020-02-15,0,0,0,,0,
OK,2020-02-16,0,0,0,,0,
OK,2020-02-17,0,0,0,,0,
OK,2020-02-18,0,0,0,,0,
OK,2020-02-19,0,0,0,,0,
OK,2020-02-20,0,0,0,,0,
OK,2020-02-21,0,0,0,,0,
OK,2020-02-22,0,0,0,,0,
OK,2020-02-23,0,0,0,,0,
OK,2020-02-24,0,0,0,,0,
OK,2020-02-25,0,0,0,,0,
OK,2020-02-26,0,0,0,,0,
OK,2020-02-27,0,0,0,,0,
OK,2020-02-28,0,0,0,,0,
OK,2020-02-29,0,0,0,,0,
OK,2020-03-01,0,0,0,,0,
OK,2020-03-02,0,0,0,,0,
OK,2020-03-03,0,0,0,,0,
OK,2020-03-04,0,0,0,,0,
OK,2020-03-05,0,0,0,,0,
OK,2020-03-06,0,0,0,,0,
OK,2020-03-07,1,0,1,,0,
OK,2020-03-08,1,0,0,0.0,0,
OK,2020-03-09,1,0,0,0.0,0,
OK,2020-03-10,2,0,1,100.0,0,
OK,2020-03-11,2,0,0,0.0,0,
OK,2020-03-12,2,0,0,0.0,0,
OK,2020-03-13,2,0,0,0.0,0,
OK,2020-03-14,4,0,2,100.0,0,
OK,2020-03-15,7,0,3,75.0,0,
OK,2020-03-16,10,0,3,42.9,0,
OK,2020-03-17,19,0,9,90.0,0,
OK,2020-03-18,19,0,0,0.0,0,
OK,2020-03-19,44,1,25,131.6,1,
OK,2020-03-20,49,1,5,11.4,0,0.0
OK,2020-03-21,53,1,4,8.2,0,0.0
OK,2020-03-22,67,2,14,26.4,1,100.0
OR,2020-01-22,0,0,0,,0,
OR,2020-01-23,0,0,0,,0,
OR,2020-01-24,0,0,0,,0,
OR,2020-01-25,0,0,0,,0,
OR,2020-01-26,0,0,0,,0,
OR,2020-01-27,0,0,0,,0,
OR,2020-01-28,0,0,0,,0,
OR,2020-01-29,0,0,0,,0,
OR,2020-01-30,0,0,0,,0,
OR,2020-01-31,0,0,0,,0,
OR,2020-02-01,0,0,0,,0,
OR,2020-02-02,0,0,0,,0,
OR,2020-02-03,0,0,0,,0,
OR,2020-02-04,0,0,0,,0,
OR,2020-02-05,0,0,0,,0,
OR,2020-02-06,0,0,0,,0,
OR,2020-02-07,0,0,0,,0,
OR,2020-02-08,0,0,0,,0,
OR,2020-02-09,0,0,0,,0,
OR,2020-02-10,0,0,0,,0,
OR,2020-02-11,0,0,0,,0,
OR,2020-02-12,0,0,0,,0,
OR,2020-02-13,0,0,0,,0,
OR,2020-02-14,0,0,0,,0,
OR,2020-02-15,0,0,0,,0,
OR,2020-02-16,0,0,0,,0,
OR,2020-02-17,0,0,0,,0,
OR,2020-02-18,0,0,0,,0,
OR,2020-02-19,0,0,0,,0,
OR,2020-02-20,0,0,0,,0,
OR,2020-02-21,0,0,0,,0,
OR,2020-02-22,0,0,0,,0,
OR,2020-02-23,0,0,0,,0,
OR,2020-02-24,0,0,0,,0,
OR,2020-02-25,0,0,0,,0,
OR,2020-02-26,0,0,0,,0,
OR,2020-02-27,0,0,0,,0,
OR,2020-02-28,0,0,0,,0,
OR,2020-02-29,1,0,1,,0,
OR,2020-03-01,1,0,0,0.0,0,
OR,2020-03-02,3,0,2,200.0,0,
OR,2020-03-03,3,0,0,0.0,0,
OR,2020-03-04,3,0,0,0.0,0,
OR,2020-03-05,3,0,0,0.0,0,
OR,2020-03-06,3,0,0,0.0,0,
OR,2020-03-07,5,0,2,66.7,0,
OR,2020-03-08,12,0,7,140.0,0,
OR,2020-03-09,12,0,0,0.0,0,
OR,2020-03-10,15,0,3,25.0,0,
OR,2020-03-11,19,0,4,26.7,0,
OR,2020-03-12,24,0,5,26.3,0,
OR,2020-03-13,30,0,6,25.0,0,
OR,2020-03-14,32,0,2,6.7,0,
OR,2020-03-15,36,1,4,12.5,1,
OR,2020-03-16,39,1,3,8.3,0,0.0
OR,2020-03-17,66,1,27,69.2,0,0.0
OR,2020-03-18,68,2,2,3.0,1,100.0
OR,2020-03-19,88,3,20,29.4,1,50.0
OR,2020-03-20,114,3,26,29.5,0,0.0
OR,2020-03-21,114,5,0,0.0,2,66.7
OR,2020-03-22,161,4,47,41.2,-1,-20.0
PA,2020-01-22,0,0,0,,0,
PA,2020-01-23,0,0,0,,0,
PA,2020-01-24,0,0,0,,0,
PA,2020-01-25,0,0,0,,0,
PA,2020-01-26,0,0,0,,0,
PA,2020-01-27,0,0,0,,0,
PA,2020-01-28,0,0,0,,0,
PA,2020-01-29,0,0,0,,0,
PA,2020-01-30,0,0,0,,0,
PA,2020-01-31,0,0,0,,0,
PA,2020-02-01,0,0,0,,0,
PA,2020-02-02,0,0,0,,0,
PA,2020-02-03,0,0,0,,0,
PA,2020-02-04,0,0,0,,0,
PA,2020-02-05,0,0,0,,0,
PA,2020-02-06,0,0,0,,0,
PA,2020-02-07,0,0,0,,0,
PA,2020-02-08,0,0,0,,0,
PA,2020-02-09,0,0,0,,0,
PA,2020-02-10,0,0,0,,0,
PA,2020-02-11,0,0,0,,0,
PA,2020-02-12,0,0,0,,0,
PA,2020-02-13,0,0,0,,0,
PA,2020-02-14,0,0,0,,0,
PA,2020-02-15,0,0,0,,0,
PA,2020-02-16,0,0,0,,0,
PA,2020-02-17,0,0,0,,0,
PA,2020-02-18,0,0,0,,0,
PA,2020-02-19,0,0,0,,0,
PA,2020-02-20,0,0,0,,0,
PA,2020-02-21,0,0,0,,0,
PA,2020-02-22,0,0,0,,0,
PA,2020-02-23,0,0,0,,0,
PA,2020-02-24,0,0,0,,0,
PA,2020-02-25,0,0,0,,0,
PA,2020-02-26,0,0,0,,0,
PA,2020-02-27,0,0,0,,0,
PA,2020-02-28,0,0,0,,0,
PA,2020-02-29,0,0,0,,0,
PA,2020-03-01,0,0,0,,0,
PA,2020-03-02,0,0,0,,0,
PA,2020-03-03,0,0,0,,0,
PA,2020-03-04,0,0,0,,0,
PA,2020-03-05,0,0,0,,0,
PA,2020-03-06,2,0,2,,0,
PA,2020-03-07,2,0,0,0.0,0,
PA,2020-03-08,6,0,4,200.0,0,
PA,2020-03-09,7,0,1,16.7,0,
PA,2020-03-10,12,0,5,71.4,0,
PA,2020-03-11,16,0,4,33.3,0,
PA,2020-03-12,22,0,6,37.5,0,
PA,2020-03-13,41,0,19,86.4,0,
PA,2020-03-14,47,0,6,14.6,0,
PA,2020-03-15,66,0,19,40.4,0,
PA,2020-03-16,77,0,11,16.7,0,
PA,2020-03-17,112,0,35,45.5,0,
PA,2020-03-18,152,0,40,35.7,0,
PA,2020-03-19,206,1,54,35.5,1,
PA,2020-03-20,303,1,97,47.1,0,0.0
PA,2020-03-21,396,2,93,30.7,1,100.0
PA,2020-03-22,509,3,113,28.5,1,50.0
RI,2020-01-22,0,0,0,,0,
RI,2020-01-23,0,0,0,,0,
RI,2020-01-24,0,0,0,,0,
RI,2020-01-25,0,0,0,,0,
RI,2020-01-26,0,0,0,,0,
RI,2020-01-27,0,0,0,,0,
RI,2020-01-28,0,0,0,,0,
RI,2020-01-29,0,0,0,,0,
RI,2020-01-30,0,0,0,,0,
RI,2020-01-31,0,0,0,,0,
RI,2020-02-01,0,0,0,,0,
RI,2020-02-02,0,0,0,,0,
RI,2020-02-03,0,0,0,,0,
RI,2020-02-04,0,0,0,,0,
RI,2020-02-05,0,0,0,,0,
RI,2020-02-06,0,0,0,,0,
RI,2020-02-07,0,0,0,,0,
RI,2020-02-08,0,0,0,,0,
RI,2020-02-09,0,0,0,,0,
RI,2020-02-10,0,0,0,,0,
RI,2020-02-11,0,0,0,,0,
RI,2020-02-12,0,0,0,,0,
RI,2020-02-13,0,0,0,,0,
RI,2020-02-14,0,0,0,,0,
RI,2020-02-15,0,0,0,,0,
RI,2020-02-16,0,0,0,,0,
RI,2020-02-17,0,0,0,,0,
RI,2020-02-18,0,0,0,,0,
RI,2020-02-19,0,0,0,,0,
RI,2020-02-20,0,0,0,,0,
RI,2020-02-21,0,0,0,,0,
RI,2020-02-22,0,0,0,,0,
RI,2020-02-23,0,0,0,,0,
RI,2020-02-24,0,0,0,,0,
RI,2020-02-25,0,0,0,,0,
RI,2020-02-26,0,0,0,,0,
RI,2020-02-27,0,0,0,,0,
RI,2020-02-28,0,0,0,,0,
RI,2020-02-29,0,0,0,,0,
RI,2020-03-01,1,0,1,,0,
RI,2020-03-02,2,0,1,100.0,0,
RI,2020-03-03,2,0,0,0.0,0,
RI,2020-03-04,2,0,0,0.0,0,
RI,2020-03-05,2,0,0,0.0,0,
RI,2020-03-06,2,0,0,0.0,0,
RI,2020-03-07,3,0,1,50.0,0,
RI,2020-03-08,3,0,0,0.0,0,
RI,2020-03-09,3,0,0,0.0,0,
RI,2020-03-10,3,0,0,0.0,0,
RI,2020-03-11,5,0,2,66.7,0,
RI,2020-03-12,5,0,0,0.0,0,
RI,2020-03-13,14,0,9,180.0,0,
RI,2020-03-14,20,0,6,42.9,0,
RI,2020-03-15,20,0,0,0.0,0,
RI,2020-03-16,21,0,1,5.0,0,
RI,2020-03-17,23,0,2,9.5,0,
RI,2020-03-18,33,0,10,43.5,0,
RI,2020-03-19,44,0,11,33.3,0,
RI,2020-03-20,54,0,10,22.7,0,
RI,2020-03-21,66,0,12,22.2,0,
RI,2020-03-22,83,0,17,25.8,0,
SC,2020-01-22,0,0,0,,0,
SC,2020-01-23,0,0,0,,0,
SC,2020-01-24,0,0,0,,0,
SC,2020-01-25,0,0,0,,0,
SC,2020-01-26,0,0,0,,0,
SC,2020-01-27,0,0,0,,0,
SC,2020-01-28,0,0,0,,0,
SC,2020-01-29,0,0,0,,0,
SC,2020-01-30,0,0,0,,0,
SC,2020-01-31,0,0,0,,0,
SC,2020-02-01,0,0,0,,0,
SC,2020-02-02,0,0,0,,0,
SC,2020-02-03,0,0,0,,0,
SC,2020-02-04,0,0,0,,0,
SC,2020-02-05,0,0,0,,0,
SC,2020-02-06,0,0,0,,0,
SC,2020-02-07,0,0,0,,0,
SC,2020-02-08,0,0,0,,0,
SC,2020-02-09,0,0,0,,0,
SC,2020-02-10,0,0,0,,0,
SC,2020-02-11,0,0,0,,0,
SC,2020-02-12,0,0,0,,0,
SC,2020-02-13,0,0,0,,0,
SC,2020-02-14,0,0,0,,0,
SC,2020-02-15,0,0,0,,0,
SC,2020-02-16,0,0,0,,0,
SC,2020-02-17,0,0,0,,0,
SC,2020-02-18,0,0,0,,0,
SC,2020-02-19,0,0,0,,0,
SC,2020-02-20,0,0,0,,0,
SC,2020-02-21,0,0,0,,0,
SC,2020-02-22,0,0,0,,0,
SC,2020-02-23,0,0,0,,0,
SC,2020-02-24,0,0,0,,0,
SC,2020-02-25,0,0,0,,0,
SC,2020-02-26,0,0,0,,0,
SC,2020-02-27,0,0,0,,0,
SC,2020-02-28,0,0,0,,0,
SC,2020-02-29,0,0,0,,0,
SC,2020-03-01,0,0,0,,0,
SC,2020-03-02,0,0,0,,0,
SC,2020-03-03,0,0,0,,0,
SC,2020-03-04,0,0,0,,0,
SC,2020-03-05,0,0,0,,0,
SC,2020-03-06,0,0,0,,0,
SC,2020-03-07,2,0,2,,0,
SC,2020-03-08,2,0,0,0.0,0,
SC,2020-03-09,3,0,1,50.0,0,
SC,2020-03-10,7,0,4,133.3,0,
SC,2020-03-11,10,0,3,42.9,0,
SC,2020-03-12,12,0,2,20.0,0,
SC,2020-03-13,13,0,1,8.3,0,
SC,2020-03-14,19,0,6,46.2,0,
SC,2020-03-15,28,0,9,47.4,0,
SC,2020-03-16,33,1,5,17.9,1,
SC,2020-03-17,47,1,14,42.4,0,0.0
SC,2020-03-18,47,1,0,0.0,0,0.0
SC,2020-03-19,81,1,34,72.3,0,0.0
SC,2020-03-20,126,1,45,55.6,0,0.0
SC,2020-03-21,171,3,45,35.7,2,200.0
SC,2020-03-22,196,3,25,14.6,0,0.0
SD,2020-01-22,0,0,0,,0,
SD,2020-01-23,0,0,0,,0,
SD,2020-01-24,0,0,0,,0,
SD,2020-01-25,0,0,0,,0,
SD,2020-01-26,0,0,0,,0,
SD,2020-01-27,0,0,0,,0,
SD,2020-01-28,0,0,0,,0,
SD,2020-01-29,0,0,0,,0,
SD,2020-01-30,0,0,0,,0,
SD,2020-01-31,0,0,0,,0,
SD,2020-02-01,0,0,0,,0,
SD,2020-02-02,0,0,0,,0,
SD,2020-02-03,0,0,0,,0,
SD,2020-02-04,0,0,0,,0,
SD,2020-02-05,0,0,0,,0,
SD,2020-02-06,0,0,0,,0,
SD,2020-02-07,0,0,0,,0,
SD,2020-02-08,0,0,0,,0,
SD,2020-02-09,0,0,0,,0,
SD,2020-02-10,0,0,0,,0,
SD,2020-02-11,0,0,0,,0,
SD,2020-02-12,0,0,0,,0,
SD,2020-02-13,0,0,0,,0,
SD,2020-02-14,0,0,0,,0,
SD,2020-02-15,0,0,0,,0,
SD,2020-02-16,0,0,0,,0,
SD,2020-02-17,0,0,0,,0,
SD,2020-02-18,0,0,0,,0,
SD,2020-02-19,0,0,0,,0,
SD,2020-02-20,0,0,0,,0,
SD,2020-02-21,0,0,0,,0,
SD,2020-02-22,0,0,0,,0,
SD,2020-02-23,0,0,0,,0,
SD,2020-02-24,0,0,0,,0,
SD,2020-02-25,0,0,0,,0,
SD,2020-02-26,0,0,0,,0,
SD,2020-02-27,0,0,0,,0,
SD,2020-02-28,0,0,0,,0,
SD,2020-02-29,0,0,0,,0,
SD,2020-03-01,0,0,0,,0,
SD,2020-03-02,0,0,0,,0,
SD,2020-03-03,0,0,0,,0,
SD,2020-03-04,0,0,0,,0,
SD,2020-03-05,0,0,0,,0,
SD,2020-03-06,0,0,0,,0,
SD,2020-03-07,0,0,0,,0,
SD,2020-03-08,0,0,0,,0,
SD,2020-03-09,0,0,0,,0,
SD,2020-03-10,0,0,0,,0,
SD,2020-03-11,8,1,8,,1,
SD,2020-03-12,8,1,0,0.0,0,0.0
SD,2020-03-13,8,1,0,0.0,0,0.0
SD,2020-03-14,9,1,1,12.5,0,0.0
SD,2020-03-15,9,1,0,0.0,0,0.0
SD,2020-03-16,10,1,1,11.1,0,0.0
SD,2020-03-17,11,1,1,10.0,0,0.0
SD,2020-03-18,11,1,0,0.0,0,0.0
SD,2020-03-19,11,1,0,0.0,0,0.0
SD,2020-03-20,14,1,3,27.3,0,0.0
SD,2020-03-21,14,1,0,0.0,0,0.0
SD,2020-03-22,21,1,7,50.0,0,0.0
TN,2020-01-22,0,0,0,,0,
TN,2020-01-23,0,0,0,,0,
TN,2020-01-24,0,0,0,,0,
TN,2020-01-25,0,0,0,,0,
TN,2020-01-26,0,0,0,,0,
TN,2020-01-27,0,0,0,,0,
TN,2020-01-28,0,0,0,,0,
TN,2020-01-29,0,0,0,,0,
TN,2020-01-30,0,0,0,,0,
TN,2020-01-31,0,0,0,,0,
TN,2020-02-01,0,0,0,,0,
TN,2020-02-02,0,0,0,,0,
TN,2020-02-03,0,0,0,,0,
TN,2020-02-04,0,0,0,,0,
TN,2020-02-05,0,0,0,,0,
TN,2020-02-06,0,0,0,,0,
TN,2020-02-07,0,0,0,,0,
TN,2020-02-08,0,0,0,,0,
TN,2020-02-09,0,0,0,,0,
TN,2020-02-10,0,0,0,,0,
TN,2020-02-11,0,0,0,,0,
TN,2020-02-12,0,0,0,,0,
TN,2020-02-13,0,0,0,,0,
TN,2020-02-14,0,0,0,,0,
TN,2020-02-15,0,0,0,,0,
TN,2020-02-16,0,0,0,,0,
TN,2020-02-17,0,0,0,,0,
TN,2020-02-18,0,0,0,,0,
TN,2020-02-19,0,0,0,,0,
TN,2020-02-20,0,0,0,,0,
TN,2020-02-21,0,0,0,,0,
TN,2020-02-22,0,0,0,,0,
TN,2020-02-23,0,0,0,,0,
TN,2020-02-24,0,0,0,,0,
TN,2020-02-25,0,0,0,,0,
TN,2020-02-26,0,0,0,,0,
TN,2020-02-27,0,0,0,,0,
TN,2020-02-28,0,0,0,,0,
TN,2020-02-29,0,0,0,,0,
TN,2020-03-01,0,0,0,,0,
TN,2020-03-02,0,0,0,,0,
TN,2020-03-03,0,0,0,,0,
TN,2020-03-04,0,0,0,,0,
TN,2020-03-05,1,0,1,,0,
TN,2020-03-06,1,0,0,0.0,0,
TN,2020-03-07,1,0,0,0.0,0,
TN,2020-03-08,3,0,2,200.0,0,
TN,2020-03-09,3,0,0,0.0,0,
TN,2020-03-10,7,0,4,133.3,0,
TN,2020-03-11,9,0,2,28.6,0,
TN,2020-03-12,18,0,9,100.0,0,
TN,2020-03-13,26,0,8,44.4,0,
TN,2020-03-14,32,0,6,23.1,0,
TN,2020-03-15,39,0,7,21.9,0,
TN,2020-03-16,52,0,13,33.3,0,
TN,2020-03-17,74,0,22,42.3,0,
TN,2020-03-18,79,0,5,6.8,0,
TN,2020-03-19,154,0,75,94.9,0,
TN,2020-03-20,233,0,79,51.3,0,
TN,2020-03-21,371,1,138,59.2,1,
TN,2020-03-22,505,2,134,36.1,1,100.0
TX,2020-01-22,0,0,0,,0,
TX,2020-01-23,0,0,0,,0,
TX,2020-01-24,0,0,0,,0,
TX,2020-01-25,0,0,0,,0,
TX,2020-01-26,0,0,0,,0,
TX,2020-01-27,0,0,0,,0,
TX,2020-01-28,0,0,0,,0,
TX,2020-01-29,0,0,0,,0,
TX,2020-01-30,0,0,0,,0,
TX,2020-01-31,0,0,0,,0,
TX,2020-02-01,0,0,0,,0,
TX,2020-02-02,0,0,0,,0,
TX,2020-02-03,0,0,0,,0,
TX,2020-02-04,0,0,0,,0,
TX,2020-02-05,0,0,0,,0,
TX,2020-02-06,0,0,0,,0,
TX,2020-02-07,0,0,0,,0,
TX,2020-02-08,0,0,0,,0,
TX,2020-02-09,0,0,0,,0,
TX,2020-02-10,0,0,0,,0,
TX,2020-02-11,0,0,0,,0,
TX,2020-02-12,0,0,0,,0,
TX,2020-02-13,0,0,0,,0,
TX,2020-02-14,0,0,0,,0,
TX,2020-02-15,0,0,0,,0,
TX,2020-02-16,0,0,0,,0,
TX,2020-02-17,0,0,0,,0,
TX,2020-02-18,0,0,0,,0,
TX,2020-02-19,0,0,0,,0,
TX,2020-02-20,0,0,0,,0,
TX,2020-02-21,0,0,0,,0,
TX,2020-02-22,0,0,0,,0,
TX,2020-02-23,0,0,0,,0,
TX,2020-02-24,0,0,0,,0,
TX,2020-02-25,0,0,0,,0,
TX,2020-02-26,0,0,0,,0,
TX,2020-02-27,0,0,0,,0,
TX,2020-02-28,0,0,0,,0,
TX,2020-02-29,0,0,0,,0,
TX,2020-03-01,0,0,0,,0,
TX,2020-03-02,0,0,0,,0,
TX,2020-03-03,0,0,0,,0,
TX,2020-03-04,0,0,0,,0,
TX,2020-03-05,3,0,3,,0,
TX,2020-03-06,4,0,1,33.3,0,
TX,2020-03-07,8,0,4,100.0,0,
TX,2020-03-08,11,0,3,37.5,0,
TX,2020-03-09,13,0,2,18.2,0,
TX,2020-03-10,13,0,0,0.0,0,
TX,2020-03-11,21,0,8,61.5,0,
TX,2020-03-12,27,0,6,28.6,0,
TX,2020-03-13,43,0,16,59.3,0,
TX,2020-03-14,57,0,14,32.6,0,
TX,2020-03-15,72,0,15,26.3,0,
TX,2020-03-16,85,0,13,18.1,0,
TX,2020-03-17,110,1,25,29.4,1,
TX,2020-03-18,173,3,63,57.3,2,200.0
TX,2020-03-19,260,5,87,50.3,2,66.7
TX,2020-03-20,394,5,134,51.5,0,0.0
TX,2020-03-21,581,5,187,47.5,0,0.0
TX,2020-03-22,627,6,46,7.9,1,20.0
UT,2020-01-22,0,0,0,,0,
UT,2020-01-23,0,0,0,,0,
UT,2020-01-24,0,0,0,,0,
UT,2020-01-25,0,0,0,,0,
UT,2020-01-26,0,0,0,,0,
UT,2020-01-27,0,0,0,,0,
UT,2020-01-28,0,0,0,,0,
UT,2020-01-29,0,0,0,,0,
UT,2020-01-30,0,0,0,,0,
UT,2020-01-31,0,0,0,,0,
UT,2020-02-01,0,0,0,,0,
UT,2020-02-02,0,0,0,,0,
UT,2020-02-03,0,0,0,,0,
UT,2020-02-04,0,0,0,,0,
UT,2020-02-05,0,0,0,,0,
UT,2020-02-06,0,0,0,,0,
UT,2020-02-07,0,0,0,,0,
UT,2020-02-08,0,0,0,,0,
UT,2020-02-09,0,0,0,,0,
UT,2020-02-10,0,0,0,,0,
UT,2020-02-11,0,0,0,,0,
UT,2020-02-12,0,0,0,,0,
UT,2020-02-13,0,0,0,,0,
UT,2020-02-14,0,0,0,,0,
UT,2020-02-15,0,0,0,,0,
UT,2020-02-16,0,0,0,,0,
UT,2020-02-17,0,0,0,,0,
UT,2020-02-18,0,0,0,,0,
UT,2020-02-19,0,0,0,,0,
UT,2020-02-20,0,0,0,,0,
UT,2020-02-21,0,0,0,,0,
UT,2020-02-22,0,0,0,,0,
UT,2020-02-23,0,0,0,,0,
UT,2020-02-24,0,0,0,,0,
UT,2020-02-25,0,0,0,,0,
UT,2020-02-26,0,0,0,,0,
UT,2020-02-27,0,0,0,,0,
UT,2020-02-28,0,0,0,,0,
UT,2020-02-29,0,0,0,,0,
UT,2020-03-01,0,0,0,,0,
UT,2020-03-02,0,0,0,,0,
UT,2020-03-03,0,0,0,,0,
UT,2020-03-04,0,0,0,,0,
UT,2020-03-05,0,0,0,,0,
UT,2020-03-06,0,0,0,,0,
UT,2020-03-07,1,0,1,,0,
UT,2020-03-08,1,0,0,0.0,0,
UT,2020-03-09,1,0,0,0.0,0,
UT,2020-03-10,2,0,1,100.0,0,
UT,2020-03-11,3,0,1,50.0,0,
UT,2020-03-12,5,0,2,66.7,0,
UT,2020-03-13,9,0,4,80.0,0,
UT,2020-03-14,10,0,1,11.1,0,
UT,2020-03-15,28,0,18,180.0,0,
UT,2020-03-16,39,0,11,39.3,0,
UT,2020-03-17,51,0,12,30.8,0,
UT,2020-03-18,51,0,0,0.0,0,
UT,2020-03-19,80,0,29,56.9,0,
UT,2020-03-20,78,0,-2,-2.5,0,
UT,2020-03-21,136,0,58,74.4,0,
UT,2020-03-22,181,1,45,33.1,1,
VT,2020-01-22,0,0,0,,0,
VT,2020-01-23,0,0,0,,0,
VT,2020-01-24,0,0,0,,0,
VT,2020-01-25,0,0,0,,0,
VT,2020-01-26,0,0,0,,0,
VT,2020-01-27,0,0,0,,0,
VT,2020-01-28,0,0,0,,0,
VT,2020-01-29,0,0,0,,0,
VT,2020-01-30,0,0,0,,0,
VT,2020-01-31,0,0,0,,0,
VT,2020-02-01,0,0,0,,0,
VT,2020-02-02,0,0,0,,0,
VT,2020-02-03,0,0,0,,0,
VT,2020-02-04,0,0,0,,0,
VT,2020-02-05,0,0,0,,0,
VT,2020-02-06,0,0,0,,0,
VT,2020-02-07,0,0,0,,0,
VT,2020-02-08,0,0,0,,0,
VT,2020-02-09,0,0,0,,0,
VT,2020-02-10,0,0,0,,0,
VT,2020-02-11,0,0,0,,0,
VT,2020-02-12,0,0,0,,0,
VT,2020-02-13,0,0,0,,0,
VT,2020-02-14,0,0,0,,0,
VT,2020-02-15,0,0,0,,0,
VT,2020-02-16,0,0,0,,0,
VT,2020-02-17,0,0,0,,0,
VT,2020-02-18,0,0,0,,0,
VT,2020-02-19,0,0,0,,0,
VT,2020-02-20,0,0,0,,0,
VT,2020-02-21,0,0,0,,0,
VT,2020-02-22,0,0,0,,0,
VT,2020-02-23,0,0,0,,0,
VT,2020-02-24,0,0,0,,0,
VT,2020-02-25,0,0,0,,0,
VT,2020-02-26,0,0,0,,0,
VT,2020-02-27,0,0,0,,0,
VT,2020-02-28,0,0,0,,0,
VT,2020-02-29,0,0,0,,0,
VT,2020-03-01,0,0,0,,0,
VT,2020-03-02,0,0,0,,0,
VT,2020-03-03,0,0,0,,0,
VT,2020-03-04,0,0,0,,0,
VT,2020-03-05,0,0,0,,0,
VT,2020-03-06,0,0,0,,0,
VT,2020-03-07,0,0,0,,0,
VT,2020-03-08,1,0,1,,0,
VT,2020-03-09,1,0,0,0.0,0,
VT,2020-03-10,1,0,0,0.0,0,
VT,2020-03-11,1,0,0,0.0,0,
VT,2020-03-12,2,0,1,100.0,0,
VT,2020-03-13,2,0,0,0.0,0,
VT,2020-03-14,5,0,3,150.0,0,
VT,2020-03-15,8,0,3,60.0,0,
VT,2020-03-16,12,0,4,50.0,0,
VT,2020-03-17,12,0,0,0.0,0,
VT,2020-03-18,18,0,6,50.0,0,
VT,2020-03-19,22,0,4,22.2,0,
VT,2020-03-20,29,2,7,31.8,2,
VT,2020-03-21,29,2,0,0.0,0,0.0
VT,2020-03-22,52,2,23,79.3,0,0.0
VA,2020-01-22,0,0,0,,0,
VA,2020-01-23,0,0,0,,0,
VA,2020-01-24,0,0,0,,0,
VA,2020-01-25,0,0,0,,0,
VA,2020-01-26,0,0,0,,0,
VA,2020-01-27,0,0,0,,0,
VA,2020-01-28,0,0,0,,0,
VA,2020-01-29,0,0,0,,0,
VA,2020-01-30,0,0,0,,0,
VA,2020-01-31,0,0,0,,0,
VA,2020-02-01,0,0,0,,0,
VA,2020-02-02,0,0,0,,0,
VA,2020-02-03,0,0,0,,0,
VA,2020-02-04,0,0,0,,0,
VA,2020-02-05,0,0,0,,0,
VA,2020-02-06,0,0,0,,0,
VA,2020-02-07,0,0,0,,0,
VA,2020-02-08,0,0,0,,0,
VA,2020-02-09,0,0,0,,0,
VA,2020-02-10,0,0,0,,0,
VA,2020-02-11,0,0,0,,0,
VA,2020-02-12,0,0,0,,0,
VA,2020-02-13,0,0,0,,0,
VA,2020-02-14,0,0,0,,0,
VA,2020-02-15,0,0,0,,0,
VA,2020-02-16,0,0,0,,0,
VA,2020-02-17,0,0,0,,0,
VA,2020-02-18,0,0,0,,0,
VA,2020-02-19,0,0,0,,0,
VA,2020-02-20,0,0,0,,0,
VA,2020-02-21,0,0,0,,0,
VA,2020-02-22,0,0,0,,0,
VA,2020-02-23,0,0,0,,0,
VA,2020-02-24,0,0,0,,0,
VA,2020-02-25,0,0,0,,0,
VA,2020-02-26,0,0,0,,0,
VA,2020-02-27,0,0,0,,0,
VA,2020-02-28,0,0,0,,0,
VA,2020-02-29,0,0,0,,0,
VA,2020-03-01,0,0,0,,0,
VA,2020-03-02,0,0,0,,0,
VA,2020-03-03,0,0,0,,0,
VA,2020-03-04,0,0,0,,0,
VA,2020-03-05,0,0,0,,0,
VA,2020-03-06,0,0,0,,0,
VA,2020-03-07,0,0,0,,0,
VA,2020-03-08,2,0,2,,0,
VA,2020-03-09,2,0,0,0.0,0,
VA,2020-03-10,7,0,5,250.0,0,
VA,2020-03-11,9,0,2,28.6,0,
VA,2020-03-12,17,0,8,88.9,0,
VA,2020-03-13,30,0,13,76.5,0,
VA,2020-03-14,41,1,11,36.7,1,
VA,2020-03-15,45,1,4,9.8,0,0.0
VA,2020-03-16,49,1,4,8.9,0,0.0
VA,2020-03-17,67,2,18,36.7,1,100.0
VA,2020-03-18,77,2,10,14.9,0,0.0
VA,2020-03-19,99,2,22,28.6,0,0.0
VA,2020-03-20,122,2,23,23.2,0,0.0
VA,2020-03-21,156,2,34,27.9,0,0.0
VA,2020-03-22,221,6,65,41.7,4,200.0
WA,2020-01-22,1,0,0,,0,
WA,2020-01-23,1,0,0,0.0,0,
WA,2020-01-24,1,0,0,0.0,0,
WA,2020-01-25,1,0,0,0.0,0,
WA,2020-01-26,1,0,0,0.0,0,
WA,2020-01-27,1,0,0,0.0,0,
WA,2020-01-28,1,0,0,0.0,0,
WA,2020-01-29,1,0,0,0.0,0,
WA,2020-01-30,1,0,0,0.0,0,
WA,2020-01-31,1,0,0,0.0,0,
WA,2020-02-01,1,0,0,0.0,0,
WA,2020-02-02,1,0,0,0.0,0,
WA,2020-02-03,1,0,0,0.0,0,
WA,2020-02-04,1,0,0,0.0,0,
WA,2020-02-05,1,0,0,0.0,0,
WA,2020-02-06,1,0,0,0.0,0,
WA,2020-02-07,1,0,0,0.0,0,
WA,2020-02-08,1,0,0,0.0,0,
WA,2020-02-09,1,0,0,0.0,0,
WA,2020-02-10,1,0,0,0.0,0,
WA,2020-02-11,1,0,0,0.0,0,
WA,2020-02-12,1,0,0,0.0,0,
WA,2020-02-13,1,0,0,0.0,0,
WA,2020-02-14,1,0,0,0.0,0,
WA,2020-02-15,1,0,0,0.0,0,
WA,2020-02-16,1,0,0,0.0,0,
WA,2020-02-17,1,0,0,0.0,0,
WA,2020-02-18,1,0,0,0.0,0,
WA,2020-02-19,1,0,0,0.0,0,
WA,2020-02-20,1,0,0,0.0,0,
WA,2020-02-21,1,0,0,0.0,0,
WA,2020-02-22,1,0,0,0.0,0,
WA,2020-02-23,1,0,0,0.0,0,
WA,2020-02-24,1,0,0,0.0,0,
WA,2020-02-25,1,0,0,0.0,0,
WA,2020-02-26,1,0,0,0.0,0,
WA,2020-02-27,1,0,0,0.0,0,
WA,2020-02-28,1,0,0,0.0,0,
WA,2020-02-29,7,1,6,600.0,1,
WA,2020-03-01,11,1,4,57.1,0,0.0
WA,2020-03-02,18,6,7,63.6,5,500.0
WA,2020-03-03,27,7,9,50.0,1,16.7
WA,2020-03-04,39,10,12,44.4,3,42.9
WA,2020-03-05,70,11,31,79.5,1,10.0
WA,2020-03-06,78,13,8,11.4,2,18.2
WA,2020-03-07,102,16,24,30.8,3,23.1
WA,2020-03-08,122,18,20,19.6,2,12.5
WA,2020-03-09,122,19,0,0.0,1,5.6
WA,2020-03-10,267,23,145,118.9,4,21.1
WA,2020-03-11,366,29,99,37.1,6,26.1
WA,2020-03-12,442,31,76,20.8,2,6.9
WA,2020-03-13,568,37,126,28.5,6,19.4
WA,2020-03-14,572,37,4,0.7,0,0.0
WA,2020-03-15,643,40,71,12.4,3,8.1
WA,2020-03-16,904,48,261,40.6,8,20.0
WA,2020-03-17,1076,55,172,19.0,7,14.6
WA,2020-03-18,1014,55,-62,-5.8,0,0.0
WA,2020-03-19,1376,74,362,35.7,19,34.5
WA,2020-03-20,1524,83,148,10.8,9,12.2
WA,2020-03-21,1793,94,269,17.7,11,13.3
WA,2020-03-22,1996,95,203,11.3,1,1.1
WV,2020-01-22,0,0,0,,0,
WV,2020-01-23,0,0,0,,0,
WV,2020-01-24,0,0,0,,0,
WV,2020-01-25,0,0,0,,0,
WV,2020-01-26,0,0,0,,0,
WV,2020-01-27,0,0,0,,0,
WV,2020-01-28,0,0,0,,0,
WV,2020-01-29,0,0,0,,0,
WV,2020-01-30,0,0,0,,0,
WV,2020-01-31,0,0,0,,0,
WV,2020-02-01,0,0,0,,0,
WV,2020-02-02,0,0,0,,0,
WV,2020-02-03,0,0,0,,0,
WV,2020-02-04,0,0,0,,0,
WV,2020-02-05,0,0,0,,0,
WV,2020-02-06,0,0,0,,0,
WV,2020-02-07,0,0,0,,0,
WV,2020-02-08,0,0,0,,0,
WV,2020-02-09,0,0,0,,0,
WV,2020-02-10,0,0,0,,0,
WV,2020-02-11,0,0,0,,0,
WV,2020-02-12,0,0,0,,0,
WV,2020-02-13,0,0,0,,0,
WV,2020-02-14,0,0,0,,0,
WV,2020-02-15,0,0,0,,0,
WV,2020-02-16,0,0,0,,0,
WV,2020-02-17,0,0,0,,0,
WV,2020-02-18,0,0,0,,0,
WV,2020-02-19,0,0,0,,0,
WV,2020-02-20,0,0,0,,0,
WV,2020-02-21,0,0,0,,0,
WV,2020-02-22,0,0,0,,0,
WV,2020-02-23,0,0,0,,0,
WV,2020-02-24,0,0,0,,0,
WV,2020-02-25,0,0,0,,0,
WV,2020-02-26,0,0,0,,0,
WV,2020-02-27,0,0,0,,0,
WV,2020-02-28,0,0,0,,0,
WV,2020-02-29,0,0,0,,0,
WV,2020-03-01,0,0,0,,0,
WV,2020-03-02,0,0,0,,0,
WV,2020-03-03,0,0,0,,0,
WV,2020-03-04,0,0,0,,0,
WV,2020-03-05,0,0,0,,0,
WV,2020-03-06,0,0,0,,0,
WV,2020-03-07,0,0,0,,0,
WV,2020-03-08,0,0,0,,0,
WV,2020-03-09,0,0,0,,0,
WV,2020-03-10,0,0,0,,0,
WV,2020-03-11,0,0,0,,0,
WV,2020-03-12,0,0,0,,0,
WV,2020-03-13,0,0,0,,0,
WV,2020-03-14,0,0,0,,0,
WV,2020-03-15,0,0,0,,0,
WV,2020-03-16,0,0,0,,0,
WV,2020-03-17,1,0,1,,0,
WV,2020-03-18,1,0,0,0.0,0,
WV,2020-03-19,2,0,1,100.0,0,
WV,2020-03-20,7,0,5,250.0,0,
WV,2020-03-21,8,0,1,14.3,0,
WV,2020-03-22,12,0,4,50.0,0,
WI,2020-01-22,0,0,0,,0,
WI,2020-01-23,0,0,0,,0,
WI,2020-01-24,0,0,0,,0,
WI,2020-01-25,0,0,0,,0,
WI,2020-01-26,0,0,0,,0,
WI,2020-01-27,0,0,0,,0,
WI,2020-01-28,0,0,0,,0,
WI,2020-01-29,0,0,0,,0,
WI,2020-01-30,0,0,0,,0,
WI,2020-01-31,0,0,0,,0,
WI,2020-02-01,0,0,0,,0,
WI,2020-02-02,0,0,0,,0,
WI,2020-02-03,0,0,0,,0,
WI,2020-02-04,0,0,0,,0,
WI,2020-02-05,0,0,0,,0,
WI,2020-02-06,0,0,0,,0,
WI,2020-02-07,0,0,0,,0,
WI,2020-02-08,0,0,0,,0,
WI,2020-02-09,0,0,0,,0,
WI,2020-02-10,0,0,0,,0,
WI,2020-02-11,0,0,0,,0,
WI,2020-02-12,0,0,0,,0,
WI,2020-02-13,0,0,0,,0,
WI,2020-02-14,0,0,0,,0,
WI,2020-02-15,0,0,0,,0,
WI,2020-02-16,0,0,0,,0,
WI,2020-02-17,0,0,0,,0,
WI,2020-02-18,0,0,0,,0,
WI,2020-02-19,0,0,0,,0,
WI,2020-02-20,0,0,0,,0,
WI,2020-02-21,0,0,0,,0,
WI,2020-02-22,0,0,0,,0,
WI,2020-02-23,0,0,0,,0,
WI,2020-02-24,0,0,0,,0,
WI,2020-02-25,0,0,0,,0,
WI,2020-02-26,0,0,0,,0,
WI,2020-02-27,0,0,0,,0,
WI,2020-02-28,0,0,0,,0,
WI,2020-02-29,0,0,0,,0,
WI,2020-03-01,0,0,0,,0,
WI,2020-03-02,0,0,0,,0,
WI,2020-03-03,0,0,0,,0,
WI,2020-03-04,0,0,0,,0,
WI,2020-03-05,0,0,0,,0,
WI,2020-03-06,0,0,0,,0,
WI,2020-03-07,0,0,0,,0,
WI,2020-03-08,0,0,0,,0,
WI,2020-03-09,0,0,0,,0,
WI,2020-03-10,3,0,3,,0,
WI,2020-03-11,6,0,3,100.0,0,
WI,2020-03-12,8,0,2,33.3,0,
WI,2020-03-13,19,0,11,137.5,0,
WI,2020-03-14,27,0,8,42.1,0,
WI,2020-03-15,32,0,5,18.5,0,
WI,2020-03-16,47,0,15,46.9,0,
WI,2020-03-17,72,0,25,53.2,0,
WI,2020-03-18,92,0,20,27.8,0,
WI,2020-03-19,159,0,67,72.8,0,
WI,2020-03-20,207,3,48,30.2,3,
WI,2020-03-21,282,4,75,36.2,1,33.3
WI,2020-03-22,381,4,99,35.1,0,0.0
WY,2020-01-22,0,0,0,,0,
WY,2020-01-23,0,0,0,,0,
WY,2020-01-24,0,0,0,,0,
WY,2020-01-25,0,0,0,,0,
WY,2020-01-26,0,0,0,,0,
WY,2020-01-27,0,0,0,,0,
WY,2020-01-28,0,0,0,,0,
WY,2020-01-29,0,0,0,,0,
WY,2020-01-30,0,0,0,,0,
WY,2020-01-31,0,0,0,,0,
WY,2020-02-01,0,0,0,,0,
WY,2020-02-02,0,0,0,,0,
WY,2020-02-03,0,0,0,,0,
WY,2020-02-04,0,0,0,,0,
WY,2020-02-05,0,0,0,,0,
WY,2020-02-06,0,0,0,,0,
WY,2020-02-07,0,0,0,,0,
WY,2020-02-08,0,0,0,,0,
WY,2020-02-09,0,0,0,,0,
WY,2020-02-10,0,0,0,,0,
WY,2020-02-11,0,0,0,,0,
WY,2020-02-12,0,0,0,,0,
WY,2020-02-13,0,0,0,,0,
WY,2020-02-14,0,0,0,,0,
WY,2020-02-15,0,0,0,,0,
WY,2020-02-16,0,0,0,,0,
WY,2020-02-17,0,0,0,,0,
WY,2020-02-18,0,0,0,,0,
WY,2020-02-19,0,0,0,,0,
WY,2020-02-20,0,0,0,,0,
WY,2020-02-21,0,0,0,,0,
WY,2020-02-22,0,0,0,,0,
WY,2020-02-23,0,0,0,,0,
WY,2020-02-24,0,0,0,,0,
WY,2020-02-25,0,0,0,,0,
WY,2020-02-26,0,0,0,,0,
WY,2020-02-27,0,0,0,,0,
WY,2020-02-28,0,0,0,,0,
WY,2020-02-29,0,0,0,,0,
WY,2020-03-01,0,0,0,,0,
WY,2020-03-02,0,0,0,,0,
WY,2020-03-03,0,0,0,,0,
WY,2020-03-04,0,0,0,,0,
WY,2020-03-05,0,0,0,,0,
WY,2020-03-06,0,0,0,,0,
WY,2020-03-07,0,0,0,,0,
WY,2020-03-08,0,0,0,,0,
WY,2020-03-09,0,0,0,,0,
WY,2020-03-10,0,0,0,,0,
WY,2020-03-11,0,0,0,,0,
WY,2020-03-12,1,0,1,,0,
WY,2020-03-13,1,0,0,0.0,0,
WY,2020-03-14,2,0,1,100.0,0,
WY,2020-03-15,3,0,1,50.0,0,
WY,2020-03-16,3,0,0,0.0,0,
WY,2020-03-17,11,0,8,266.7,0,
WY,2020-03-18,15,0,4,36.4,0,
WY,2020-03-19,18,0,3,20.0,0,
WY,2020-03-20,19,0,1,5.6,0,
WY,2020-03-21,23,0,4,21.1,0,
WY,2020-03-22,24,0,1,4.3,0,
